Boticário,https://www.boticario.com.br/,https://www.boticario.com.br/XMLData/Zoom.xml
Tok & Stok,https://www.tokstok.com.br/,https://www.tokstok.com.br/XMLData/GoogleShopping.xml
Avon,https://www.avon.com.br/,https://www.avon.com.br/XMLData/GoogleShopping.xml
Havaianas,https://www.havaianas.com.br/,https://www.havaianas.com.br/XMLData/Zoom.xml
Cacau Show,https://lojavirtual.cacaushow.com.br/,https://lojavirtual.cacaushow.com.br/XMLData/GoogleShopping.xml
Electrolux,https://loja.electrolux.com.br/,https://loja.electrolux.com.br/XMLData/Lomadee.xml
Decathlon,https://www.decathlon.com.br/,https://www.decathlon.com.br/XMLData/GoogleShopping.xml
Morotola,https://www.motorola.com.br/,https://www.motorola.com.br/XMLData/GoogleShopping.xml
Pague Menos,https://www.paguemenos.com.br/,https://www.paguemenos.com.br/XMLData/GoogleShopping.xml
Livraria da Vila,https://www.livrariadavila.com.br/,https://www.livrariadavila.com.br/XMLData/GoogleShopping.xml
Livrarias Curitiba,https://www.livrariascuritiba.com.br/,https://www.livrariascuritiba.com.br/XMLData/GoogleShopping.xml
Lojas Rede,https://www.lojasrede.com.br/,https://www.lojasrede.com.br/XMLData/Zoom.xml
Thomson Reuters,https://www.livrariart.com.br/,https://www.livrariart.com.br/XMLData/GoogleShopping.xml
Jequiti,https://www.jequiti.com.br/,https://www.jequiti.com.br/XMLData/GoogleShopping.xml
Mormaii Shop,https://www.mormaiishop.com.br/,https://www.mormaiishop.com.br/XMLData/GoogleShopping.xml
Santa Lolla,https://www.santalolla.com.br/,https://www.santalolla.com.br/XMLData/GoogleShopping.xml
Connect Parts,https://www.connectparts.com.br/,https://www.connectparts.com.br/XMLData/GoogleShopping.xml
Drogaria Araujo,https://www.araujo.com.br/,https://www.araujo.com.br/XMLData/GoogleShopping.xml
Damásio Educacional,https://www.damasio.com.br/,https://www.damasio.com.br/XMLData/GoogleShopping.xml
Malwee,https://www.malwee.com.br/,https://www.malwee.com.br/XMLData/GoogleShopping.xml
Óticas Diniz,https://www.oticasdiniz.com.br/,https://www.oticasdiniz.com.br/XMLData/GoogleShopping.xml
Ikesaki Cosméticos,https://www.ikesaki.com.br/,https://www.ikesaki.com.br/XMLData/GoogleShopping.xml
Urban Arts,https://www.urbanarts.com.br/,https://www.urbanarts.com.br/XMLData/GoogleShopping.xml
Brinquedos Estrela,https://www.estrela.com.br/,https://www.estrela.com.br/XMLData/GoogleShopping.xml
Contém1g Make-up,https://www.contem1g.com.br/,https://www.contem1g.com.br/XMLData/GoogleShopping.xml
Kipling,https://www.kipling.com.br/,https://www.kipling.com.br/XMLData/GoogleShopping.xml
Cantão,https://www.cantao.com.br/,https://www.cantao.com.br/XMLData/GoogleShopping.xml
Casa & Video,https://www.casaevideo.com.br/,https://www.casaevideo.com.br/XMLData/Zoom.xml
Track&Field,https://www.tf.com.br/,https://www.tf.com.br/XMLData/GoogleShopping.xml
TNG,https://www.tng.com.br/,https://www.tng.com.br/XMLData/GoogleShopping.xml
Camisaria Colombo,https://www.camisariacolombo.com.br/,https://www.camisariacolombo.com.br/XMLData/GoogleShopping.xml
Lupo,https://www.lupo.com.br/,https://www.lupo.com.br/XMLData/GoogleShopping.xml
Dermage,https://www.dermage.com.br/,https://www.dermage.com.br/XMLData/GoogleShopping.xml
Karsten,https://www.karsten.com.br/,https://www.karsten.com.br/XMLData/GoogleShopping.xml
Drogaria Venancio,https://www.drogariavenancio.com.br/,https://www.drogariavenancio.com.br/XMLData/GoogleShopping.xml
Ofner,https://www.ofner.com.br/,https://www.ofner.com.br/XMLData/GoogleShopping.xml
Loungerie,https://www.loungerie.com.br/,https://www.loungerie.com.br/XMLData/GoogleShopping.xml
Mahogany,https://www.mahogany.com.br/,https://www.mahogany.com.br/XMLData/GoogleShopping.xml
CPAD,https://www.cpad.com.br/,https://www.cpad.com.br/XMLData/GoogleShopping.xml
DarkSide Books,https://www.darksidebooks.com.br/,https://www.darksidebooks.com.br/XMLData/GoogleShopping.xml
Dumond,https://www.dumond.com.br/,https://www.dumond.com.br/XMLData/Zoom.xml
La Roche-Posay,https://www.laroche-posay.com.br/,https://www.laroche-posay.com.br/XMLData/GoogleShopping.xml
Manole,https://www.manole.com.br/,https://www.manole.com.br/XMLData/GoogleShopping.xml
Lancôme Paris,https://www.lancome.com.br/,https://www.lancome.com.br/XMLData/GoogleShopping.xml
Doural,https://www.doural.com.br/,https://www.doural.com.br/XMLData/GoogleShopping.xml
Technos,https://www.technos.com.br/,https://www.technos.com.br/XMLData/Lomadee.xml
Lojas Paquetá,https://www.lojaspaqueta.com.br/,https://www.lojaspaqueta.com.br/XMLData/GoogleShopping.xml
Monte Carlo Jóias,https://www.montecarlo.com.br/,https://www.montecarlo.com.br/XMLData/Zoom.xml
Iron Studios,https://www.ironstudios.com.br/,https://www.ironstudios.com.br/XMLData/GoogleShopping.xml
New Balance,https://www.newbalance.com.br/,https://www.newbalance.com.br/XMLData/GoogleShopping.xml
WorldWine,https://www.worldwine.com.br/,https://www.worldwine.com.br/XMLData/GoogleShopping.xml
Oxford,https://www.oxfordporcelanas.com.br/,https://www.oxfordporcelanas.com.br/XMLData/GoogleShopping.xml
Miess,https://www.miess.com.br/,https://www.miess.com.br/XMLData/GoogleShopping.xml
Balaroti,https://www.balaroti.com.br/,https://www.balaroti.com.br/XMLData/GoogleShopping.xml
Mizuno,https://www.mizuno.com.br/,https://www.mizuno.com.br/XMLData/GoogleShopping.xml
Redley,https://www.redley.com.br/,https://www.redley.com.br/XMLData/GoogleShopping.xml
Capodarte,https://www.capodarte.com.br/,https://www.capodarte.com.br/XMLData/Zoom.xml
Savegnago,https://www.savegnago.com.br/,https://www.savegnago.com.br/XMLData/GoogleShopping.xml
Petite Jolie,https://www.petitejolie.com.br/,https://www.petitejolie.com.br/XMLData/GoogleShopping.xml
Elsys,https://www.elsys.com.br/,https://www.elsys.com.br/XMLData/GoogleShopping.xml
Jogê,https://www.joge.com.br/,https://www.joge.com.br/XMLData/GoogleShopping.xml
Paquetá Esportes,https://www.paquetaesportes.com.br/,https://www.paquetaesportes.com.br/XMLData/GoogleShopping.xml
Portal Pós,https://www.portalpos.com.br/,https://www.portalpos.com.br/XMLData/GoogleShopping.xml
Samsonite,https://www.samsonite.com.br/,https://www.samsonite.com.br/XMLData/GoogleShopping.xml
WAZ,https://www.waz.com.br/,https://www.waz.com.br/XMLData/GoogleShopping.xml
Blueman,https://www.blueman.com.br/,https://www.blueman.com.br/XMLData/GoogleShopping.xml
Zee.Dog,https://www.zeedog.com.br/,https://www.zeedog.com.br/XMLData/GoogleShopping.xml
Ferramentas Gerais,https://www.fg.com.br/,https://www.fg.com.br/XMLData/GoogleShopping.xml
Via Mia,https://www.viamia.com.br/,https://www.viamia.com.br/XMLData/GoogleShopping.xml
Gorila Clube,https://www.gorilaclube.com.br/,https://www.gorilaclube.com.br/XMLData/GoogleShopping.xml
Polen,https://polen.com.br/,https://polen.com.br/XMLData/GoogleShopping.xml
MOB,https://www.mobonline.com.br/,https://www.mobonline.com.br/XMLData/GoogleShopping.xml
Labellamafia,https://www.labellamafia.com.br/,https://www.labellamafia.com.br/XMLData/GoogleShopping.xml
Democrata Calçados,https://www.democrata.com.br/,https://www.democrata.com.br/XMLData/GoogleShopping.xml
Fini,https://www.finistore.com.br/,https://www.finistore.com.br/XMLData/GoogleShopping.xml
LIVO Eyewear,https://www.livo.com.br/,https://www.livo.com.br/XMLData/GoogleShopping.xml
Antonio Bernardo,https://www.antoniobernardo.com.br/,https://www.antoniobernardo.com.br/XMLData/GoogleShopping.xml
Chocolate Lugano,https://www.chocolatelugano.com.br/,https://www.chocolatelugano.com.br/XMLData/GoogleShopping.xml
AutoZ,https://www.autoz.com.br/,https://www.autoz.com.br/XMLData/GoogleShopping.xml
Casa Show,https://www.casashow.com.br/,https://www.casashow.com.br/XMLData/Zanox.xml
Sestini,https://www.sestini.com.br/,https://www.sestini.com.br/XMLData/GoogleShopping.xml
Any Any,https://www.anyany.com.br/,https://www.anyany.com.br/XMLData/GoogleShopping.xml
Duloren,https://www.duloren.com.br/,https://www.duloren.com.br/XMLData/GoogleShopping.xml
Mercatto,https://www.mercatto.com.br/,https://www.mercatto.com.br/XMLData/Zoom.xml
La Lampe,https://www.lalampe.com.br/,https://www.lalampe.com.br/XMLData/GoogleShopping.xml
Maria.Valentina,https://www.mariavalentina.com.br/,https://www.mariavalentina.com.br/XMLData/Zoom.xml
Comper,https://www.comperdelivery.com.br/,https://www.comperdelivery.com.br/XMLData/GoogleShopping.xml
Mundo Cristão,https://www.mundocristao.com.br/,https://www.mundocristao.com.br/XMLData/GoogleShopping.xml
Loja Scala,https://www.lojascala.com.br/,https://www.lojascala.com.br/XMLData/Zoom.xml
Marcyn,https://www.marcyn.com.br/,https://www.marcyn.com.br/XMLData/GoogleShopping.xml
Studio Z,https://www.stz.com.br/,https://www.stz.com.br/XMLData/GoogleShopping.xml
Cris Barros,https://www.crisbarros.com.br/,https://www.crisbarros.com.br/XMLData/GoogleShopping.xml
Strar,https://www.strar.com.br/,https://www.strar.com.br/XMLData/GoogleShopping.xml
Enjoy,https://www.enjoy.com.br/,https://www.enjoy.com.br/XMLData/GoogleShopping.xml
By Samia Aromaterapia,https://www.bysamia.com.br/,https://www.bysamia.com.br/XMLData/GoogleShopping.xml
Gaston,https://www.gaston.com.br/,https://www.gaston.com.br/XMLData/GoogleShopping.xml
Poloar,https://www.poloar.com.br/,https://www.poloar.com.br/XMLData/GoogleShopping.xml
AZ Perfumes,https://www.aazperfumes.com.br/,https://www.aazperfumes.com.br/XMLData/GoogleShopping.xml
The Beer Planet,https://www.thebeerplanet.com.br/,https://www.thebeerplanet.com.br/XMLData/GoogleShopping.xml
Gang,https://gang.com.br/,https://gang.com.br/XMLData/Zoom.xml
Oscar Calçados,https://www.oscarcalcados.com.br/,https://www.oscarcalcados.com.br/XMLData/GoogleShopping.xml
Allbags,https://www.allbags.com.br/,https://www.allbags.com.br/XMLData/GoogleShopping.xml
Barred's,https://www.barreds.com.br/,https://www.barreds.com.br/XMLData/GoogleShopping.xml
Vila Romana,https://www.vilaromana.com.br/,https://www.vilaromana.com.br/XMLData/GoogleShopping.xml
Mash,https://www.mash.com.br/,https://www.mash.com.br/XMLData/Zanox.xml
Grupo Kyly,https://loja.kyly.com.br/,https://loja.kyly.com.br/XMLData/GoogleShopping.xml
Kutiz Beauté,https://www.kutiz.com.br/,https://www.kutiz.com.br/XMLData/Zoom.xml
Yenzah,https://www.yenzah.com.br/,https://www.yenzah.com.br/XMLData/GoogleShopping.xml
Ateen,https://www.ateen.com.br/,https://www.ateen.com.br/XMLData/GoogleShopping.xml
Wöllner,https://www.wollner.com.br/,https://www.wollner.com.br/XMLData/GoogleShopping.xml
Sonho dos Pés,https://www.sonhodospesoficial.com.br/,https://www.sonhodospesoficial.com.br/XMLData/GoogleShopping.xml
Lenny Niemeyer,https://www.lennyniemeyer.com.br/,https://www.lennyniemeyer.com.br/XMLData/Zoom.xml
Frigelar,https://www.frigelar.com.br/,https://www.frigelar.com.br/XMLData/Zoom.xml
WebFones,https://www.webfones.com.br/,https://www.webfones.com.br/XMLData/GoogleShopping.xml
Gregory,https://www.gregory.com.br/,https://www.gregory.com.br/XMLData/Zoom.xml
Joias Gold,https://www.joiasgold.com.br/,https://www.joiasgold.com.br/XMLData/GoogleShopping.xml
Ortopé,https://www.ortope.com.br/,https://www.ortope.com.br/XMLData/GoogleShopping.xml
Bazar Horizonte,https://www.bazarhorizonte.com.br/,https://www.bazarhorizonte.com.br/XMLData/GoogleShopping.xml
SuperPrix,https://www.superprix.com.br/,https://www.superprix.com.br/XMLData/Zoom.xml
Tendtudo Acabamentos,https://www.tendtudo.com.br/,https://www.tendtudo.com.br/XMLData/Zanox.xml
Nação Verde,https://www.nacaoverde.com.br/,https://www.nacaoverde.com.br/XMLData/GoogleShopping.xml
Casa Rio Verde,https://www.casarioverde.com.br/,https://www.casarioverde.com.br/XMLData/GoogleShopping.xml
Leveros,https://www.leveros.com.br/,https://www.leveros.com.br/XMLData/GoogleShopping.xml
Euro Relógios,https://www.eurorelogios.com.br/,https://www.eurorelogios.com.br/XMLData/Lomadee.xml
Docile,https://www.docile.com.br/,https://www.docile.com.br/XMLData/GoogleShopping.xml
Sigvaris do Brasil,https://loja.sigvaris.com.br/,https://loja.sigvaris.com.br/XMLData/Zoom.xml
"Oh,Boy!",https://www.ohboy.com.br/,https://www.ohboy.com.br/XMLData/GoogleShopping.xml
Joalheria Dryzun,https://www.dryzun.com.br/,https://www.dryzun.com.br/XMLData/GoogleShopping.xml
Vizcaya Cosméticos,https://www.vizcaya.com.br/,https://www.vizcaya.com.br/XMLData/GoogleShopping.xml
Soulier,https://www.soulier.com.br/,https://www.soulier.com.br/XMLData/GoogleShopping.xml
Qix Skate Shop,https://www.qixskateshop.com.br/,https://www.qixskateshop.com.br/XMLData/GoogleShopping.xml
Philco,https://philco.com.br/,https://philco.com.br/XMLData/GoogleShopping.xml
Café Orfeu,https://loja.cafeorfeu.com.br/,https://loja.cafeorfeu.com.br/XMLData/GoogleShopping.xml
Toque a Campainha,https://www.toqueacampainha.com.br/,https://www.toqueacampainha.com.br/XMLData/GoogleShopping.xml
Kauê Plus Size,https://www.kaueplussize.com.br/,https://www.kaueplussize.com.br/XMLData/GoogleShopping.xml
Lucy in the Sky,https://www.lucyinthesky.com.br/,https://www.lucyinthesky.com.br/XMLData/GoogleShopping.xml
bb básico,https://www.bebebasico.com.br/,https://www.bebebasico.com.br/XMLData/GoogleShopping.xml
eMania,https://www.emania.com.br/,https://www.emania.com.br/XMLData/GoogleShopping.xml
Volvo Peças,https://www.volvopecas.com.br/,https://www.volvopecas.com.br/XMLData/GoogleShopping.xml
Cori,https://www.cori.com.br/,https://www.cori.com.br/XMLData/GoogleShopping.xml
KD Pneus,https://www.kdpneus.com.br/,https://www.kdpneus.com.br/XMLData/Buscape.xml
Vitao Alimentos,https://vitao.com.br/,https://vitao.com.br/XMLData/GoogleShopping.xml
Liz Lingerie,https://www.liz.com.br/,https://www.liz.com.br/XMLData/GoogleShopping.xml
Cavenaghi,https://www.cavenaghi.com.br/,https://www.cavenaghi.com.br/XMLData/GoogleShopping.xml
Key Design,https://www.keydesign.com.br/,https://www.keydesign.com.br/XMLData/GoogleShopping.xml
Loja Grow,https://www.lojagrow.com.br/,https://www.lojagrow.com.br/XMLData/GoogleShopping.xml
Ferracini,https://www.ferracini.com.br/,https://www.ferracini.com.br/XMLData/GoogleShopping.xml
Amissima,https://www.amissima.com.br/,https://www.amissima.com.br/XMLData/GoogleShopping.xml
Friopeças,https://www.friopecas.com.br/,https://www.friopecas.com.br/XMLData/Zoom.xml
brudden,https://www.brudden.com.br/,https://www.brudden.com.br/XMLData/GoogleShopping.xml
Chocolife,https://www.chocolife.com.br/,https://www.chocolife.com.br/XMLData/GoogleShopping.xml
Forever Liss,https://www.foreverliss.com.br/,https://www.foreverliss.com.br/XMLData/Zoom.xml
Calçados Online,https://www.calcadosonline.com.br/,https://www.calcadosonline.com.br/XMLData/Zoom.xml
Blue Gardenia,https://www.bluegardenia.com.br/,https://www.bluegardenia.com.br/XMLData/Zoom.xml
Tintas MC,https://www.tintasmc.com.br/,https://www.tintasmc.com.br/XMLData/GoogleShopping.xml
IBBL,https://www.ibbl.com.br/,https://www.ibbl.com.br/XMLData/GoogleShopping.xml
SOUQ,https://www.souqstore.com.br/,https://www.souqstore.com.br/XMLData/Zoom.xml
Honey Be,https://www.honeybe.com.br/,https://www.honeybe.com.br/XMLData/GoogleShopping.xml
Use Orgânico,https://www.useorganico.com.br/,https://www.useorganico.com.br/XMLData/GoogleShopping.xml
GrandVision,https://www.oticagrandvision.com.br/,https://www.oticagrandvision.com.br/XMLData/Zoom.xml
Editora Érica,https://www.editoraerica.com.br/,https://www.editoraerica.com.br/XMLData/Zoom.xml
Purific,https://www.purific.com.br/,https://www.purific.com.br/XMLData/GoogleShopping.xml
OficialFarma,https://www.oficialfarma.com.br/,https://www.oficialfarma.com.br/XMLData/Zoom.xml
Buona Vita,https://www.buonavita.com.br/,https://www.buonavita.com.br/XMLData/GoogleShopping.xml
Tumelero,https://www.tumelero.com.br/,https://www.tumelero.com.br/XMLData/GoogleShopping.xml
Hang Loose,https://www.hangloose.com.br/,https://www.hangloose.com.br/XMLData/Zoom.xml
Clovis Calçados,https://www.clovis.com.br/,https://www.clovis.com.br/XMLData/GoogleShopping.xml
Fascar,https://www.fascar.com.br/,https://www.fascar.com.br/XMLData/GoogleShopping.xml
Abrakadabra Fantasias,https://www.abrakadabra.com.br/,https://www.abrakadabra.com.br/XMLData/GoogleShopping.xml
Água de Cheiro,https://www.aguadecheiro.com.br/,https://www.aguadecheiro.com.br/XMLData/GoogleShopping.xml
Edex Jeans,https://www.edexjeans.com.br/,https://www.edexjeans.com.br/XMLData/GoogleShopping.xml
Casas Pedro,https://www.casaspedro.com.br/,https://www.casaspedro.com.br/XMLData/GoogleShopping.xml
Spezzato,https://www.spezzato.com.br/,https://www.spezzato.com.br/XMLData/GoogleShopping.xml
Shop dos Cabelos,https://www.shopdoscabelos.com.br/,https://www.shopdoscabelos.com.br/XMLData/Zoom.xml
Provanza,https://www.provanza.com.br/,https://www.provanza.com.br/XMLData/GoogleShopping.xml
Fruit de la Passion,https://www.fruitdelapassion.com.br/,https://www.fruitdelapassion.com.br/XMLData/GoogleShopping.xml
MyBasic,https://www.mybasic.com.br/,https://www.mybasic.com.br/XMLData/GoogleShopping.xml
Milano,https://www.milano.com.br/,https://www.milano.com.br/XMLData/GoogleShopping.xml
Afghan,https://www.lojaafghan.com.br/,https://www.lojaafghan.com.br/XMLData/GoogleShopping.xml
UV.LINE,https://www.uvline.com.br/,https://www.uvline.com.br/XMLData/GoogleShopping.xml
Móveis Simonetti,https://www.moveissimonetti.com.br/,https://www.moveissimonetti.com.br/XMLData/Zoom.xml
Copel Colchões,https://www.copelcolchoes.com.br/,https://www.copelcolchoes.com.br/XMLData/GoogleShopping.xml
Rafarillo,https://www.rafarillo.com.br/,https://www.rafarillo.com.br/XMLData/GoogleShopping.xml
Julio Okubo,https://www.juliookubo.com.br/,https://www.juliookubo.com.br/XMLData/GoogleShopping.xml
Zinco,https://www.zinco.com.br/,https://www.zinco.com.br/XMLData/Zoom.xml
Café Store,https://www.cafestore.com.br/,https://www.cafestore.com.br/XMLData/GoogleShopping.xml
Shop4Men,https://www.shop4men.com.br/,https://www.shop4men.com.br/XMLData/GoogleShopping.xml
Nagumo,https://www.nagumo.com.br/,https://www.nagumo.com.br/XMLData/GoogleShopping.xml
Central Surf,https://www.centralsurf.com.br/,https://www.centralsurf.com.br/XMLData/GoogleShopping.xml
B.blend,https://loja.bblend.com.br/,https://loja.bblend.com.br/XMLData/Zoom.xml
Nerd Universe,https://www.nerduniverse.com.br/,https://www.nerduniverse.com.br/XMLData/GoogleShopping.xml
Maconequi,https://www.maconequi.com.br/,https://www.maconequi.com.br/XMLData/GoogleShopping.xml
Cirilo Cabos,https://www.cirilocabos.com.br/,https://www.cirilocabos.com.br/XMLData/GoogleShopping.xml
ShopLuxo Perfumaria,https://www.shopluxo.com.br/,https://www.shopluxo.com.br/XMLData/Buscape.xml
Benvirá,https://www.benvira.com.br/,https://www.benvira.com.br/XMLData/Zoom.xml
First Class Home,https://www.firstclass.com.br/,https://www.firstclass.com.br/XMLData/GoogleShopping.xml
Rika Comic Shop,https://www.rika.com.br/,https://www.rika.com.br/XMLData/GoogleShopping.xml
Cicero Papelaria,https://www.ciceropapelaria.com.br/,https://www.ciceropapelaria.com.br/XMLData/GoogleShopping.xml
Arsenal Car,https://www.arsenalcar.com.br/,https://www.arsenalcar.com.br/XMLData/GoogleShopping.xml
Joias Brasil,https://www.joiasbrasil.com.br/,https://www.joiasbrasil.com.br/XMLData/GoogleShopping.xml
Portal Pós,https://www.posanhanguera.com.br/,https://www.posanhanguera.com.br/XMLData/GoogleShopping.xml
Cleusa Presentes,https://www.cleusapresentes.com.br/,https://www.cleusapresentes.com.br/XMLData/GoogleShopping.xml
Caju Brasil,https://www.cajubrasil.com.br/,https://www.cajubrasil.com.br/XMLData/GoogleShopping.xml
Chá e Cia,https://www.chaecia.com.br/,https://www.chaecia.com.br/XMLData/GoogleShopping.xml
Chic e Elegante,https://www.chiceelegante.com.br/,https://www.chiceelegante.com.br/XMLData/GoogleShopping.xml
Casatema,https://www.casatema.com.br/,https://www.casatema.com.br/XMLData/Buscape.xml
Columbia Sportswear,https://www.columbiasportswear.com.br/,https://www.columbiasportswear.com.br/XMLData/Zoom.xml
FEED Açougue do Produtor,https://www.feed.com.br/,https://www.feed.com.br/XMLData/GoogleShopping.xml
FOUND IT!,https://www.foundit.com.br/,https://www.foundit.com.br/XMLData/GoogleShopping.xml
Rota do Mar,https://www.rotadomar.com.br/,https://www.rotadomar.com.br/XMLData/Zoom.xml
Totem Store,https://www.totemstore.com.br/,https://www.totemstore.com.br/XMLData/GoogleShopping.xml
Palacio da Arte,https://www.palaciodaarte.com.br/,https://www.palaciodaarte.com.br/XMLData/GoogleShopping.xml
Ambient Air,https://www.ambientair.com.br/,https://www.ambientair.com.br/XMLData/GoogleShopping.xml
Smartbag,https://www.smartbag.com.br/,https://www.smartbag.com.br/XMLData/GoogleShopping.xml
Belíssima Cosméticos,http://www.belissimacosmeticos.com.br/,http://www.belissimacosmeticos.com.br/XMLData/GoogleShopping.xml
Nautika Lazer,https://www.nautikalazer.com.br/,https://www.nautikalazer.com.br/XMLData/GoogleShopping.xml
Farmácia Indiana,https://www.farmaciaindiana.com.br/,https://www.farmaciaindiana.com.br/XMLData/GoogleShopping.xml
Sipolatti,https://www.sipolatti.com.br/,https://www.sipolatti.com.br/XMLData/Zoom.xml
Casa América,https://www.casaamerica.com.br/,https://www.casaamerica.com.br/XMLData/GoogleShopping.xml
Lebôh,https://www.leboh.com.br/,https://www.leboh.com.br/XMLData/Zoom.xml
Loft747,https://www.loft747.com.br/,https://www.loft747.com.br/XMLData/GoogleShopping.xml
Gasômetro Madeiras,https://www.madeirasgasometro.com.br/,https://www.madeirasgasometro.com.br/XMLData/GoogleShopping.xml
J Nakao,https://www.jnakao.com.br/,https://www.jnakao.com.br/XMLData/GoogleShopping.xml
My Place,https://loja.myplace.com.br/,https://loja.myplace.com.br/XMLData/GoogleShopping.xml
Costume,https://www.costume.com.br/,https://www.costume.com.br/XMLData/GoogleShopping.xml
Super Adega,https://www.superadega.com.br/,https://www.superadega.com.br/XMLData/GoogleShopping.xml
Santa Helena,https://www.espacosantahelena.com.br/,https://www.espacosantahelena.com.br/XMLData/GoogleShopping.xml
Fabiola Molina,https://www.fabiolamolina.com.br/,https://www.fabiolamolina.com.br/XMLData/GoogleShopping.xml
Vyvedas Cosmeticos,https://www.vyvedas.com.br/,https://www.vyvedas.com.br/XMLData/GoogleShopping.xml
Papel Craft,https://www.papelcraft.com.br/,https://www.papelcraft.com.br/XMLData/GoogleShopping.xml
Armadillo,https://www.armadillo.com.br/,https://www.armadillo.com.br/XMLData/GoogleShopping.xml
AD Life Style,https://www.adlifestyle.com.br/,https://www.adlifestyle.com.br/XMLData/GoogleShopping.xml
Tango Music,https://www.tangomusic.com.br/,https://www.tangomusic.com.br/XMLData/GoogleShopping.xml
Pesca,https://www.pesca.com.br/,https://www.pesca.com.br/XMLData/GoogleShopping.xml
TodoVino,https://www.todovino.com.br/,https://www.todovino.com.br/XMLData/GoogleShopping.xml
Opção Jeans,http://www.opcaojeans.com.br/,http://www.opcaojeans.com.br/XMLData/GoogleShopping.xml
Doctor Shoes,https://www.doctorshoes.com.br/,https://www.doctorshoes.com.br/XMLData/GoogleShopping.xml
Shopinfo,https://www.shopinfo.com.br/,https://www.shopinfo.com.br/XMLData/GoogleShopping.xml
Marcia Mello,https://www.marciamello.com.br/,https://www.marciamello.com.br/XMLData/GoogleShopping.xml
Dispropil,https://www.dispropil.com.br/,https://www.dispropil.com.br/XMLData/Zoom.xml
Britânia,https://britania.com.br/,https://britania.com.br/XMLData/GoogleShopping.xml
VI Station,https://www.vistation.com.br/,https://www.vistation.com.br/XMLData/GoogleShopping.xml
MasterChef Brasil,https://www.lojamasterchefbrasil.com.br/,https://www.lojamasterchefbrasil.com.br/XMLData/GoogleShopping.xml
Leeloo,https://www.leeloo.com.br/,https://www.leeloo.com.br/XMLData/GoogleShopping.xml
Eletrum,https://www.eletrum.com.br/,https://www.eletrum.com.br/XMLData/GoogleShopping.xml
Meia de Seda,https://www.meiadeseda.com.br/,https://www.meiadeseda.com.br/XMLData/GoogleShopping.xml
SideWalk,https://www.sidewalk.com.br/,https://www.sidewalk.com.br/XMLData/GoogleShopping.xml
Editora do Direito,https://www.editoradodireito.com.br/,https://www.editoradodireito.com.br/XMLData/Zoom.xml
iRobot,https://www.irobotloja.com.br/,https://www.irobotloja.com.br/XMLData/GoogleShopping.xml
Vídeo Pérola‎,https://www.videoperola.com.br/,https://www.videoperola.com.br/XMLData/Zoom.xml
ClimaRio,https://www.climario.com.br/,https://www.climario.com.br/XMLData/GoogleShopping.xml
Becker Calçados,https://www.beckercalcados.com.br/,https://www.beckercalcados.com.br/XMLData/GoogleShopping.xml
Lilla Ka,https://www.lillaka.com.br/,https://www.lillaka.com.br/XMLData/GoogleShopping.xml
Bebefacil,https://www.bebefacil.com.br/,https://www.bebefacil.com.br/XMLData/GoogleShopping.xml
Belair Moveis,https://www.belairmoveis.com.br/,https://www.belairmoveis.com.br/XMLData/GoogleShopping.xml
Mega São José,https://www.megasaojose.com.br/,https://www.megasaojose.com.br/XMLData/GoogleShopping.xml
Livre e Leve,https://www.livreeleve.com.br/,https://www.livreeleve.com.br/XMLData/GoogleShopping.xml
Mundo do Cabelereiro,https://www.mundodocabeleireiro.com.br/,https://www.mundodocabeleireiro.com.br/XMLData/GoogleShopping.xml
lojaMOD,https://www.mod.com.br/,https://www.mod.com.br/XMLData/GoogleShopping.xml
Bergerson Presentes,https://www.bergersonpresentes.com.br/,https://www.bergersonpresentes.com.br/XMLData/GoogleShopping.xml
Fibra Cirúrgica,https://www.fibracirurgica.com.br/,https://www.fibracirurgica.com.br/XMLData/GoogleShopping.xml
Katmandu,https://www.katmandu.com.br/,https://www.katmandu.com.br/XMLData/GoogleShopping.xml
Aslan,https://www.aslan.com.br/,https://www.aslan.com.br/XMLData/GoogleShopping.xml
Nutriblue,https://www.nutriblue.com.br/,https://www.nutriblue.com.br/XMLData/GoogleShopping.xml
Red Nose,https://www.rednose.com.br/,https://www.rednose.com.br/XMLData/GoogleShopping.xml
RR Máquinas,https://www.rrmaquinas.com.br/,https://www.rrmaquinas.com.br/XMLData/GoogleShopping.xml
Wolloko,https://www.wolloko.com.br/,https://www.wolloko.com.br/XMLData/GoogleShopping.xml
Dipano Fraldas Ecológicas,https://www.fraldasdipano.com.br/,https://www.fraldasdipano.com.br/XMLData/GoogleShopping.xml
Grupo Nacar,https://www.nacar.com.br/,https://www.nacar.com.br/XMLData/GoogleShopping.xml
JanSport,https://www.jansport.com.br/,https://www.jansport.com.br/XMLData/GoogleShopping.xml
Hiperideal,https://www.hiperideal.com.br/,https://www.hiperideal.com.br/XMLData/GoogleShopping.xml
Drogafuji,https://www.drogafuji.com.br/,https://www.drogafuji.com.br/XMLData/GoogleShopping.xml
Botafogo,https://www.lojabotafogo.com.br/,https://www.lojabotafogo.com.br/XMLData/GoogleShopping.xml
Atacadão do Artesanato,https://www.atacadaodoartesanato.com.br/,https://www.atacadaodoartesanato.com.br/XMLData/GoogleShopping.xml
Intermezzo & Spina,https://www.intermezzo.com.br/,https://www.intermezzo.com.br/XMLData/GoogleShopping.xml
Rovitex,https://loja.rovitex.com.br/,https://loja.rovitex.com.br/XMLData/GoogleShopping.xml
Orthocrin,https://www.orthocrin.com.br/,https://www.orthocrin.com.br/XMLData/GoogleShopping.xml
Yogini,https://www.yogini.com.br/,https://www.yogini.com.br/XMLData/GoogleShopping.xml
Couro e cia,https://www.couroecia.com.br/,https://www.couroecia.com.br/XMLData/GoogleShopping.xml
Joias Brasil,https://www.maxior.com.br/,https://www.maxior.com.br/XMLData/GoogleShopping.xml
Iorane,https://www.iorane.com.br/,https://www.iorane.com.br/XMLData/GoogleShopping.xml
Movimento,https://www.movimento.com.br/,https://www.movimento.com.br/XMLData/GoogleShopping.xml
Casa do Capacete,https://www.casadocapacete.com.br/,https://www.casadocapacete.com.br/XMLData/GoogleShopping.xml
Milon,https://loja.milon.com.br/,https://loja.milon.com.br/XMLData/GoogleShopping.xml
Daniela Tombini,https://www.danielatombini.com.br/,https://www.danielatombini.com.br/XMLData/GoogleShopping.xml
Brinox,https://www.brinoxshop.com.br/,https://www.brinoxshop.com.br/XMLData/GoogleShopping.xml
SideWalk,https://www.sidewalklojas.com.br/,https://www.sidewalklojas.com.br/XMLData/GoogleShopping.xml
Biotipo Jeans Atacado,https://www.biotipo.com.br/,https://www.biotipo.com.br/XMLData/GoogleShopping.xml
Yacamim,https://www.modayacamim.com.br/,https://www.modayacamim.com.br/XMLData/GoogleShopping.xml
Imaginarium,https://www.ludi.com.br/,https://www.ludi.com.br/XMLData/GoogleShopping.xml
Sleep House Colchões,https://www.sleephouse.com.br/,https://www.sleephouse.com.br/XMLData/Zoom.xml
Mundo Cheff,https://www.mundocheff.com.br/,https://www.mundocheff.com.br/XMLData/GoogleShopping.xml
VX Case,https://www.vxcase.com.br/,https://www.vxcase.com.br/XMLData/GoogleShopping.xml
Fashion Closet,https://www.fashioncloset.com.br/,https://www.fashioncloset.com.br/XMLData/GoogleShopping.xml
De Chelles,https://www.dechelles.com.br/,https://www.dechelles.com.br/XMLData/GoogleShopping.xml
Hermoso Compadre,https://www.hermosocompadre.com.br/,https://www.hermosocompadre.com.br/XMLData/GoogleShopping.xml
Bumerang Brinquedos,https://www.bumerangbrinquedos.com.br/,https://www.bumerangbrinquedos.com.br/XMLData/Zoom.xml
Super ABC,https://www.superabc.com.br/,https://www.superabc.com.br/XMLData/GoogleShopping.xml
Coqueluche Casa,https://www.coqueluchecasa.com.br/,https://www.coqueluchecasa.com.br/XMLData/Zoom.xml
Milli ,https://www.millionline.com.br/,https://www.millionline.com.br/XMLData/GoogleShopping.xml
Carmim,https://www.carmim.com.br/,https://www.carmim.com.br/XMLData/GoogleShopping.xml
Anzetutto,https://www.anzetutto.com.br/,https://www.anzetutto.com.br/XMLData/GoogleShopping.xml
Casa Toni,https://www.casatoni.com.br/,https://www.casatoni.com.br/XMLData/GoogleShopping.xml
Verve,https://www.verve.com.br/,https://www.verve.com.br/XMLData/GoogleShopping.xml
Fox,https://www.foxracing.com.br/,https://www.foxracing.com.br/XMLData/GoogleShopping.xml
FreeCo,https://www.freeco.com.br/,https://www.freeco.com.br/XMLData/GoogleShopping.xml
Catral,https://www.catral.com.br/,https://www.catral.com.br/XMLData/GoogleShopping.xml
La Spezia,https://www.laspeziaweb.com.br/,https://www.laspeziaweb.com.br/XMLData/GoogleShopping.xml
100% cristão,https://www.cemporcentocristao.com.br/,https://www.cemporcentocristao.com.br/XMLData/GoogleShopping.xml
TB Make,https://www.tbmake.com.br/,https://www.tbmake.com.br/XMLData/GoogleShopping.xml
Pé no Estribo,https://www.penoestribo.com.br/,https://www.penoestribo.com.br/XMLData/GoogleShopping.xml
Belas Cores,https://www.belascores.com.br/,https://www.belascores.com.br/XMLData/GoogleShopping.xml
Reserva Natural ,https://www.reservanatural.com.br/,https://www.reservanatural.com.br/XMLData/GoogleShopping.xml
Lumiar,https://www.lumiarsaude.com.br/,https://www.lumiarsaude.com.br/XMLData/GoogleShopping.xml
La Basque,https://www.labasque.com.br/,https://www.labasque.com.br/XMLData/GoogleShopping.xml
Web Racing,https://www.webracing.com.br/,https://www.webracing.com.br/XMLData/GoogleShopping.xml
Cyclone,https://www.cyclone.com.br/,https://www.cyclone.com.br/XMLData/Lomadee.xml
La Mandinne,https://www.lamandinne.com.br/,https://www.lamandinne.com.br/XMLData/GoogleShopping.xml
Hector Albertazzi,https://www.hectoralbertazzi.com.br/,https://www.hectoralbertazzi.com.br/XMLData/GoogleShopping.xml
BBBaterias,https://www.bbbaterias.com.br/,https://www.bbbaterias.com.br/XMLData/Zoom.xml
Pro Action,https://www.proactionsports.com.br/,https://www.proactionsports.com.br/XMLData/GoogleShopping.xml
Aquarius ,https://www.aquariustore.com.br/,https://www.aquariustore.com.br/XMLData/GoogleShopping.xml
Nespresso,https://www.nespressobenefits.com.br/,https://www.nespressobenefits.com.br/XMLData/GoogleShopping.xml
Thugnine,https://www.thugnine.com.br/,https://www.thugnine.com.br/XMLData/Zoom.xml
Lucco Fit,https://www.luccofit.com.br/,https://www.luccofit.com.br/XMLData/GoogleShopping.xml
Soul Dila,https://www.souldila.com.br/,https://www.souldila.com.br/XMLData/Zoom.xml
A Nossa Drogaria ,https://www.anossadrogaria.com.br/,https://www.anossadrogaria.com.br/XMLData/GoogleShopping.xml
Esposende,https://www.esposende.com.br/,https://www.esposende.com.br/XMLData/GoogleShopping.xml
Suxxar,https://www.suxxar.com.br/,https://www.suxxar.com.br/XMLData/Zoom.xml
Multi Kids,https://www.lojamultikids.com.br/,https://www.lojamultikids.com.br/XMLData/Zoom.xml
Nosh,https://www.nosh.com.br/,https://www.nosh.com.br/XMLData/GoogleShopping.xml
Rei da Cultelaria ,https://www.reidacutelaria.com.br/,https://www.reidacutelaria.com.br/XMLData/GoogleShopping.xml
La Ville,https://www.lavillecasa.com.br/,https://www.lavillecasa.com.br/XMLData/GoogleShopping.xml
Sparco,https://www.sparco.com.br/,https://www.sparco.com.br/XMLData/GoogleShopping.xml
Fujioca,https://www.fujiokadistribuidor.com.br/,https://www.fujiokadistribuidor.com.br/XMLData/GoogleShopping.xml
Elastobor,https://www.elastobor.com.br/,https://www.elastobor.com.br/XMLData/GoogleShopping.xml
Shopping Matriz,https://www.shoppingmatriz.com.br/,https://www.shoppingmatriz.com.br/XMLData/GoogleShopping.xml
Darkness,https://www.darkness.com.br/,https://www.darkness.com.br/XMLData/GoogleShopping.xml
Camu Camu,https://www.camucamu.com.br/,https://www.camucamu.com.br/XMLData/GoogleShopping.xml
Ana Mello,https://www.anamello.com.br/,https://www.anamello.com.br/XMLData/GoogleShopping.xml
Loja Santuario Nacional,https://www.lojasantuarionacional.com.br/,https://www.lojasantuarionacional.com.br/XMLData/GoogleShopping.xml
Novo Bebe,https://www.novobebe.com.br/,https://www.novobebe.com.br/XMLData/GoogleShopping.xml
World View,https://www.worldview.com.br/,https://www.worldview.com.br/XMLData/GoogleShopping.xml
Coprobel,https://www.coprobel.com.br/,https://www.coprobel.com.br/XMLData/GoogleShopping.xml
Premier,https://www.premiermarmorto.com.br/,https://www.premiermarmorto.com.br/XMLData/GoogleShopping.xml
Mulher Elastica,https://www.mulherelastica.com.br/,https://www.mulherelastica.com.br/XMLData/GoogleShopping.xml
Rei dos Quadros ,https://www.reidosquadros.com.br/,https://www.reidosquadros.com.br/XMLData/GoogleShopping.xml
Heas ,https://www.haes.com.br/,https://www.haes.com.br/XMLData/GoogleShopping.xml
Ophicina,https://www.ophicina.com.br/,https://www.ophicina.com.br/XMLData/GoogleShopping.xml
Sol & Energia,https://www.soleenergia.com.br/,https://www.soleenergia.com.br/XMLData/GoogleShopping.xml
Nerd Loot,https://www.nerdloot.com.br/,https://www.nerdloot.com.br/XMLData/GoogleShopping.xml
Leandrini,https://www.leandrinistore.com.br/,https://www.leandrinistore.com.br/XMLData/GoogleShopping.xml
Pulse,https://www.pulsesound.com.br/,https://www.pulsesound.com.br/XMLData/Zoom.xml
Net Suprimentos,https://www.netsuprimentos.com.br/,https://www.netsuprimentos.com.br/XMLData/GoogleShopping.xml
Anozero,https://www.lojaanozero.com.br/,https://www.lojaanozero.com.br/XMLData/GoogleShopping.xml
Empório do Lençol,https://www.emporiodolencol.com.br/,https://www.emporiodolencol.com.br/XMLData/GoogleShopping.xml
Cook Eletroraro,https://www.cookeletroraro.com.br/,https://www.cookeletroraro.com.br/XMLData/Buscape.xml
Dular,https://www.dular.com.br/,https://www.dular.com.br/XMLData/GoogleShopping.xml
Bali Express,https://www.baliexpress.com.br/,https://www.baliexpress.com.br/XMLData/GoogleShopping.xml
Vestindo a Mesa,https://www.vestindoamesa.com.br/,https://www.vestindoamesa.com.br/XMLData/GoogleShopping.xml
Lima Hobbies,https://www.limahobbies.com.br/,https://www.limahobbies.com.br/XMLData/GoogleShopping.xml
Shopping Cidade SP,https://loja.shoppingcidadesp.com.br/,https://loja.shoppingcidadesp.com.br/XMLData/GoogleShopping.xml
Artzzi,https://www.artzzi.com.br/,https://www.artzzi.com.br/XMLData/GoogleShopping.xml
Marlene Enxovais,https://www.marleneenxovais.com.br/,https://www.marleneenxovais.com.br/XMLData/GoogleShopping.xml
Atrio Esportes,https://www.atrioesportes.com.br/,https://www.atrioesportes.com.br/XMLData/Zoom.xml
Bigben,https://www.bigben.com.br/,https://www.bigben.com.br/XMLData/GoogleShopping.xml
Zona Criativa,https://www.zonacriativa.com.br/,https://www.zonacriativa.com.br/XMLData/GoogleShopping.xml
Metalferco,https://www.metalferco.com.br/,https://www.metalferco.com.br/XMLData/GoogleShopping.xml
Elegancy Design,https://www.elegancydesign.com.br/,https://www.elegancydesign.com.br/XMLData/GoogleShopping.xml
Naked,https://www.getnaked.com.br/,https://www.getnaked.com.br/XMLData/GoogleShopping.xml
Malu,https://www.docemalu.com.br/,https://www.docemalu.com.br/XMLData/GoogleShopping.xml
Danque,https://www.danque.com.br/,https://www.danque.com.br/XMLData/GoogleShopping.xml
Fast Nutri,https://www.fastnutri.com.br/,https://www.fastnutri.com.br/XMLData/GoogleShopping.xml
Bro Fitwear,https://www.brofitwear.com.br/,https://www.brofitwear.com.br/XMLData/GoogleShopping.xml
HTS Latarias,http://www.htslatarias.com.br/,http://www.htslatarias.com.br/XMLData/Buscape.xml
Padovani,https://www.padovani.com.br/,https://www.padovani.com.br/XMLData/GoogleShopping.xml
Fiero,https://www.fieroshop.com.br/,https://www.fieroshop.com.br/XMLData/Zoom.xml
RemotoX,https://www.remotox.com.br/,https://www.remotox.com.br/XMLData/GoogleShopping.xml
Consciencia Jeans,https://www.conscienciajeans.com.br/,https://www.conscienciajeans.com.br/XMLData/GoogleShopping.xml
Estação Store,https://www.estacaodamodastore.com.br/,https://www.estacaodamodastore.com.br/XMLData/GoogleShopping.xml
Diferencial Print,https://www.diferencialprint.com.br/,https://www.diferencialprint.com.br/XMLData/GoogleShopping.xml
Boacoisa,https://www.boacoisa.com.br/,https://www.boacoisa.com.br/XMLData/GoogleShopping.xml
Cepel,https://www.cepel.com.br/,https://www.cepel.com.br/XMLData/GoogleShopping.xml
Tecno Ferramentas,https://www.tecnoferramentas.com.br/,https://www.tecnoferramentas.com.br/XMLData/Buscape.xml
Feminize,https://www.feminize.com.br/,https://www.feminize.com.br/XMLData/GoogleShopping.xml
Beluga,https://www.beluga.com.br/,https://www.beluga.com.br/XMLData/Lomadee.xml
Voce,https://www.voce.com.br/,https://www.voce.com.br/XMLData/GoogleShopping.xml
Avanzzo,https://www.avanzzo.com.br/,https://www.avanzzo.com.br/XMLData/GoogleShopping.xml
Camila Klein,https://www.camilaklein.com.br/,https://www.camilaklein.com.br/XMLData/GoogleShopping.xml
Atacado São Paulo ,https://www.atacadosaopaulo.com.br/,https://www.atacadosaopaulo.com.br/XMLData/GoogleShopping.xml
Samatec,https://www.samatec.com.br/,https://www.samatec.com.br/XMLData/GoogleShopping.xml
Bulking,https://www.bulking.com.br/,https://www.bulking.com.br/XMLData/GoogleShopping.xml
Doce Vida,https://www.docevidastore.com.br/,https://www.docevidastore.com.br/XMLData/GoogleShopping.xml
Goofy,https://www.goofy.com.br/,https://www.goofy.com.br/XMLData/GoogleShopping.xml
Nutrify,https://www.nutrify.com.br/,https://www.nutrify.com.br/XMLData/GoogleShopping.xml
Elbran ,https://www.elbran.com.br/,https://www.elbran.com.br/XMLData/GoogleShopping.xml
Nicole Lee,https://www.nicoleleeusa.com.br/,https://www.nicoleleeusa.com.br/XMLData/GoogleShopping.xml
Myft,https://www.myft.com.br/,https://www.myft.com.br/XMLData/GoogleShopping.xml
All Parts,https://www.allpartsnet.com.br/,https://www.allpartsnet.com.br/XMLData/Zoom.xml
Cerveja Box,https://www.cervejabox.com.br/,https://www.cervejabox.com.br/XMLData/GoogleShopping.xml
Ateliê de calças,https://www.ateliedecalcas.com.br/,https://www.ateliedecalcas.com.br/XMLData/GoogleShopping.xml
Auto Super,https://store.autosuper.com.br/,https://store.autosuper.com.br/XMLData/GoogleShopping.xml
Fata,https://www.fata.com.br/,https://www.fata.com.br/XMLData/GoogleShopping.xml
Intelbras,https://loja.intelbras.com.br/,https://loja.intelbras.com.br/XMLData/GoogleShopping.xml
Rensz,https://www.rensz.com.br/,https://www.rensz.com.br/XMLData/Buscape.xml
Multi Kids Baby,https://www.multikidsbaby.com.br/,https://www.multikidsbaby.com.br/XMLData/Zoom.xml
On Stores,https://www.onstores.com.br/,https://www.onstores.com.br/XMLData/GoogleShopping.xml
Flow,https://www.flow.com.br/,https://www.flow.com.br/XMLData/GoogleShopping.xml
Philco Club,https://www.philcoclub.com.br/,https://www.philcoclub.com.br/XMLData/GoogleShopping.xml
Babadotop,https://www.babadotop.com.br/,https://www.babadotop.com.br/XMLData/GoogleShopping.xml
H2O Purificadores ,https://www.h2opurificadores.com.br/,https://www.h2opurificadores.com.br/XMLData/GoogleShopping.xml
Pop Arte Skins,https://www.poparteskins.com.br/,https://www.poparteskins.com.br/XMLData/GoogleShopping.xml
Cia do Som ,https://www.ciadosomautomotivo.com.br/,https://www.ciadosomautomotivo.com.br/XMLData/GoogleShopping.xml
Laços de Filó,https://www.lacosdefilo.com.br/,https://www.lacosdefilo.com.br/XMLData/GoogleShopping.xml
Wiler-K,https://www.wiler-k.com.br/,https://www.wiler-k.com.br/XMLData/GoogleShopping.xml
Grand Plaza Shopping,https://loja.grandplazashopping.com.br/,https://loja.grandplazashopping.com.br/XMLData/GoogleShopping.xml
Central Cabos ,https://www.centralcabos.com.br/,https://www.centralcabos.com.br/XMLData/GoogleShopping.xml
Naif,https://www.naif.com.br/,https://www.naif.com.br/XMLData/GoogleShopping.xml
Eleve,https://www.elevelife.com.br/,https://www.elevelife.com.br/XMLData/GoogleShopping.xml
Laura Prado ,https://www.lauraprado.com.br/,https://www.lauraprado.com.br/XMLData/Zoom.xml
R D Lay,https://www.rdlay.com.br/,https://www.rdlay.com.br/XMLData/GoogleShopping.xml
Decoratons,http://www.decoratons.com.br/,http://www.decoratons.com.br/XMLData/GoogleShopping.xml
HMS Natural ,https://www.hmsnatural.com.br/,https://www.hmsnatural.com.br/XMLData/GoogleShopping.xml
Livraria Vozes,https://www.livrariavozes.com.br/,https://www.livrariavozes.com.br/XMLData/GoogleShopping.xml
MQ Hair,https://www.mqhair.com.br/,https://www.mqhair.com.br/XMLData/GoogleShopping.xml
Blue Cycle,https://www.bluecycle.com.br/,https://www.bluecycle.com.br/XMLData/GoogleShopping.xml
Saúde Store,https://www.saudestore.com.br/,https://www.saudestore.com.br/XMLData/GoogleShopping.xml
Artelassê,https://www.artelasse.com.br/,https://www.artelasse.com.br/XMLData/GoogleShopping.xml
HB Agabê,https://www.agabe.com.br/,https://www.agabe.com.br/XMLData/GoogleShopping.xml
Sávio Strass,https://www.saviostrass.com.br/,https://www.saviostrass.com.br/XMLData/GoogleShopping.xml
So Danca,https://www.sodanca.com.br/,https://www.sodanca.com.br/XMLData/GoogleShopping.xml
Puriflora,https://www.puriflora.com.br/,https://www.puriflora.com.br/XMLData/GoogleShopping.xml
Biona,https://www.biona.com.br/,https://www.biona.com.br/XMLData/GoogleShopping.xml
KF Bikes,https://www.kfbikes.com.br/,https://www.kfbikes.com.br/XMLData/GoogleShopping.xml
Mais Abraços,https://www.maisabracos.com.br/,https://www.maisabracos.com.br/XMLData/GoogleShopping.xml
Clovis Atacado,https://www.clovisatacado.com.br/,https://www.clovisatacado.com.br/XMLData/GoogleShopping.xml
Joana João,https://www.joanajoao.com.br/,https://www.joanajoao.com.br/XMLData/GoogleShopping.xml
Super Legal,https://www.superlegalbrinquedos.com.br/,https://www.superlegalbrinquedos.com.br/XMLData/GoogleShopping.xml
Konyk,https://www.konyk.com.br/,https://www.konyk.com.br/XMLData/GoogleShopping.xml
Chatuba,https://www.chatuba.com.br/,https://www.chatuba.com.br/XMLData/GoogleShopping.xml
Helô Doces,https://www.helodoces.com.br/,https://www.helodoces.com.br/XMLData/GoogleShopping.xml
Baby,https://www.lojasbaby.com.br/,https://www.lojasbaby.com.br/XMLData/GoogleShopping.xml
Mercur,https://loja.mercur.com.br/,https://loja.mercur.com.br/XMLData/GoogleShopping.xml
e Gravatas ,https://www.egravatas.com.br/,https://www.egravatas.com.br/XMLData/GoogleShopping.xml
Oito baby ,https://www.oitobaby.com.br/,https://www.oitobaby.com.br/XMLData/GoogleShopping.xml
Diafer,https://www.diafer.com.br/,https://www.diafer.com.br/XMLData/Lomadee.xml
Ciência Moderna,https://www.cienciamoderna.com.br/,https://www.cienciamoderna.com.br/XMLData/GoogleShopping.xml
Balai,https://www.balai.com.br/,https://www.balai.com.br/XMLData/GoogleShopping.xml
Canyon,https://www.canyonadventure.com.br/,https://www.canyonadventure.com.br/XMLData/GoogleShopping.xml
Agua Prata ,https://aguasprata.com.br/,https://aguasprata.com.br/XMLData/GoogleShopping.xml
Mercado Aventura ,https://www.mercadoaventura.com.br/,https://www.mercadoaventura.com.br/XMLData/GoogleShopping.xml
Quinta Dell'Arte,https://www.quintadellarte.com.br/,https://www.quintadellarte.com.br/XMLData/GoogleShopping.xml
Lacta ,https://www.lacta.hipervenda.com.br/,https://www.lacta.hipervenda.com.br/XMLData/GoogleShopping.xml
Café Lor,https://www.cafelor.com.br/,https://www.cafelor.com.br/XMLData/GoogleShopping.xml
Decor Peças ,https://www.decorpecas.com.br/,https://www.decorpecas.com.br/XMLData/GoogleShopping.xml
Hopu Yoga ,https://www.hopuyoga.com.br/,https://www.hopuyoga.com.br/XMLData/GoogleShopping.xml
Uniderp,https://www.posuniderp.com.br/,https://www.posuniderp.com.br/XMLData/GoogleShopping.xml
Pro Mundial,https://www.promundial.com.br/,https://www.promundial.com.br/XMLData/GoogleShopping.xml
Vanda,https://www.vanda.com.br/,https://www.vanda.com.br/XMLData/GoogleShopping.xml
Pretty New,https://www.prettynew.com.br/,https://www.prettynew.com.br/XMLData/GoogleShopping.xml
Uracer,https://www.uracer.com.br/,https://www.uracer.com.br/XMLData/GoogleShopping.xml
ACUO,https://www.acuo.com.br/,https://www.acuo.com.br/XMLData/GoogleShopping.xml
CCP,https://www.ccpvirtual.com.br/,https://www.ccpvirtual.com.br/XMLData/Zoom.xml
Farmafam,https://www.farmafam.com.br/,https://www.farmafam.com.br/XMLData/GoogleShopping.xml
Adlin,https://www.adlin.com.br/,https://www.adlin.com.br/XMLData/GoogleShopping.xml
Warrior,https://www.arenawarrior.com.br/,https://www.arenawarrior.com.br/XMLData/Zoom.xml
Classe A,https://www.classeacolchoes.com.br/,https://www.classeacolchoes.com.br/XMLData/GoogleShopping.xml
Blumenau,https://www.lojasblumenau.com.br/,https://www.lojasblumenau.com.br/XMLData/GoogleShopping.xml
Ideal,https://www.idealonline.com.br/,https://www.idealonline.com.br/XMLData/GoogleShopping.xml
Pet Luni,https://www.petluni.com.br/,https://www.petluni.com.br/XMLData/GoogleShopping.xml
Hardcore Footwear,https://www.hardcorefootwear.com.br/,https://www.hardcorefootwear.com.br/XMLData/Zoom.xml
L'élé,https://www.lete.com.br/,https://www.lete.com.br/XMLData/GoogleShopping.xml
Daluz,https://www.daluzplussize.com.br/,https://www.daluzplussize.com.br/XMLData/GoogleShopping.xml
Enrolado Tecidos ,https://www.enroladotecidos.com.br/,https://www.enroladotecidos.com.br/XMLData/GoogleShopping.xml
Bardahl,https://www.lojabardahl.com.br/,https://www.lojabardahl.com.br/XMLData/GoogleShopping.xml
Pittol,https://www.pittol.com.br/,https://www.pittol.com.br/XMLData/GoogleShopping.xml
Charada,https://www.charada.com.br/,https://www.charada.com.br/XMLData/GoogleShopping.xml
Febracis,https://www.lojafebracis.com.br/,https://www.lojafebracis.com.br/XMLData/GoogleShopping.xml
Hopper,https://www.hoppernutrition.com.br/,https://www.hoppernutrition.com.br/XMLData/GoogleShopping.xml
Clube MCB,https://mycarebox.com.br/,https://mycarebox.com.br/XMLData/GoogleShopping.xml
Compra Fácil Lingerie,https://www.comprafacillingerie.com.br/,https://www.comprafacillingerie.com.br/XMLData/GoogleShopping.xml
Altese,https://www.altese.com.br/,https://www.altese.com.br/XMLData/GoogleShopping.xml
Twinings,https://www.twinings.com.br/,https://www.twinings.com.br/XMLData/GoogleShopping.xml
Florence Cosméticos,https://www.florencecosmeticos.com.br/,https://www.florencecosmeticos.com.br/XMLData/GoogleShopping.xml
A Casa dos Macacos,https://www.acasadosmacacos.com.br/,https://www.acasadosmacacos.com.br/XMLData/Zoom.xml
Pantufas.com,https://www.pantufas.com.br/,https://www.pantufas.com.br/XMLData/Zoom.xml
DataSupriWeb,https://www.datasupriweb.com.br/,https://www.datasupriweb.com.br/XMLData/Zoom.xml
KidsBrasil,https://www.kidsbrasil.com.br/,https://www.kidsbrasil.com.br/XMLData/GoogleShopping.xml
Casa De Casa,https://www.casadecasa.com.br/,https://www.casadecasa.com.br/XMLData/GoogleShopping.xml
Karinreiter,https://www.karinreiter.com.br/,https://www.karinreiter.com.br/XMLData/GoogleShopping.xml
Batiche,https://www.batiche.com.br/,https://www.batiche.com.br/XMLData/GoogleShopping.xml
Sono Show,https://www.sonoshowmoveis.com.br/,https://www.sonoshowmoveis.com.br/XMLData/GoogleShopping.xml
Murau,https://www.murau.com.br/,https://www.murau.com.br/XMLData/Zoom.xml
Wahl Clipper,https://www.lojawahlbrasil.com.br/,https://www.lojawahlbrasil.com.br/XMLData/GoogleShopping.xml
Hospinet,https://www.hospinet.com.br/,https://www.hospinet.com.br/XMLData/Zoom.xml
Sapataria Nova,https://www.sapatarianova.com.br/,https://www.sapatarianova.com.br/XMLData/Lomadee.xml
UmDois,https://www.lojaumdois.com.br/,https://www.lojaumdois.com.br/XMLData/GoogleShopping.xml
Britânia em Casa,https://www.britaniaemcasa.com.br/,https://www.britaniaemcasa.com.br/XMLData/GoogleShopping.xml
Bluk,https://www.bluk.com.br/,https://www.bluk.com.br/XMLData/GoogleShopping.xml
Cidade do Poker,https://www.cidadedopoker.com.br/,https://www.cidadedopoker.com.br/XMLData/GoogleShopping.xml
Nutribullet,https://www.nutribulletbrasil.com.br/,https://www.nutribulletbrasil.com.br/XMLData/GoogleShopping.xml
Elétrica Takei,https://www.eletricatakei.com.br/,https://www.eletricatakei.com.br/XMLData/GoogleShopping.xml
Decathlon Pro,https://www.decathlonpro.com.br/,https://www.decathlonpro.com.br/XMLData/GoogleShopping.xml
Pipe Content House,https://www.pipecontenthouse.com.br/,https://www.pipecontenthouse.com.br/XMLData/GoogleShopping.xml
Tietê Plaza,https://loja.tieteplazashopping.com.br/,https://loja.tieteplazashopping.com.br/XMLData/GoogleShopping.xml
UnicPharma Farmácia,https://www.unicpharma.com.br/,https://www.unicpharma.com.br/XMLData/Zoom.xml
Heckel Verri,https://www.heckelverri.com.br/,https://www.heckelverri.com.br/XMLData/GoogleShopping.xml
LF Máquinas e Ferramentas,https://www.lfmaquinaseferramentas.com.br/,https://www.lfmaquinaseferramentas.com.br/XMLData/Zoom.xml
Autorama,https://www.autorama.com.br/,https://www.autorama.com.br/XMLData/GoogleShopping.xml
Presentes Rodriguez,https://www.presentesrodriguez.com.br/,https://www.presentesrodriguez.com.br/XMLData/GoogleShopping.xml
Tricochetando,https://www.tricochetando.com.br/,https://www.tricochetando.com.br/XMLData/GoogleShopping.xml
Casadora,https://www.casadorada.com.br/,https://www.casadorada.com.br/XMLData/GoogleShopping.xml
MotoBr,https://www.motobr.com.br/,https://www.motobr.com.br/XMLData/Buscape.xml
Mateus Online,https://www.mateusonline.com.br/,https://www.mateusonline.com.br/XMLData/GoogleShopping.xml
Guitar Shop,https://www.guitarshopce.com.br/,https://www.guitarshopce.com.br/XMLData/GoogleShopping.xml
Varotti,https://www.varotti.com.br/,https://www.varotti.com.br/XMLData/GoogleShopping.xml
5.11 Tatical,https://www.511tactical.com.br/,https://www.511tactical.com.br/XMLData/GoogleShopping.xml
Anatomic Gel,https://www.anatomicgel.com.br/,https://www.anatomicgel.com.br/XMLData/GoogleShopping.xml
Center Medical,https://www.centermedical.com.br/,https://www.centermedical.com.br/XMLData/Zoom.xml
BS Pharma,https://www.bspharma.com.br/,https://www.bspharma.com.br/XMLData/GoogleShopping.xml
Shure,https://www.lojashure.com.br/,https://www.lojashure.com.br/XMLData/GoogleShopping.xml
Kin Festas,https://www.tozakifestas.com.br/,https://www.tozakifestas.com.br/XMLData/GoogleShopping.xml
Mala Amada,https://www.malaamada.com.br/,https://www.malaamada.com.br/XMLData/GoogleShopping.xml
CM Automoto Peças,https://www.cmdistribuidora.com.br/,https://www.cmdistribuidora.com.br/XMLData/GoogleShopping.xml
Santa Prata,https://www.santaprata.com.br/,https://www.santaprata.com.br/XMLData/GoogleShopping.xml
Laser Eletro,https://www.lasereletro.com.br/,https://www.lasereletro.com.br/XMLData/GoogleShopping.xml
Empório Quatro Estrelas,https://www.emporioquatroestrelas.com.br/,https://www.emporioquatroestrelas.com.br/XMLData/GoogleShopping.xml
Móveis Linhares,https://www.moveislinhares.com.br/,https://www.moveislinhares.com.br/XMLData/GoogleShopping.xml
CoralDent,https://www.coraldent.com.br/,https://www.coraldent.com.br/XMLData/GoogleShopping.xml
Baby Shop,https://www.babyshoponline.com.br/,https://www.babyshoponline.com.br/XMLData/Zoom.xml
Lady Rock,https://www.ladyrock.com.br/,https://www.ladyrock.com.br/XMLData/GoogleShopping.xml
UniqueBox,https://www.uniquebox.com.br/,https://www.uniquebox.com.br/XMLData/GoogleShopping.xml
UniversoK,https://loja.universok.com.br/,https://loja.universok.com.br/XMLData/GoogleShopping.xml
Enfim,https://www.universoenfim.com.br/,https://www.universoenfim.com.br/XMLData/GoogleShopping.xml
Allodi,https://www.allodi.com.br/,https://www.allodi.com.br/XMLData/GoogleShopping.xml
Mservice,https://www.mservice.com.br/,https://www.mservice.com.br/XMLData/GoogleShopping.xml
Bodega Austral,https://www.bodegaaustral.com.br/,https://www.bodegaaustral.com.br/XMLData/GoogleShopping.xml
Bite,https://www.bite.com.br/,https://www.bite.com.br/XMLData/GoogleShopping.xml
Shopping Metropolitano,https://loja.shoppingmetropolitanobarra.com.br/,https://loja.shoppingmetropolitanobarra.com.br/XMLData/GoogleShopping.xml
Arte & Sintonia,https://www.artesintonia.com.br/,https://www.artesintonia.com.br/XMLData/GoogleShopping.xml
Morada da Paz,https://floricultura.moradadapaz.com.br/,https://floricultura.moradadapaz.com.br/XMLData/GoogleShopping.xml
Platinox,https://platinox.com.br/,https://platinox.com.br/XMLData/GoogleShopping.xml
Shopping GD,https://loja.shoppingd.com.br/,https://loja.shoppingd.com.br/XMLData/GoogleShopping.xml
Adélia Mendonça,https://www.compreadeliamendonca.com.br/,https://www.compreadeliamendonca.com.br/XMLData/GoogleShopping.xml
Starki,https://www.starki.com.br/,https://www.starki.com.br/XMLData/Lomadee.xml
Lealtex Online,http://www.lealtexonline.com.br/,http://www.lealtexonline.com.br/XMLData/GoogleShopping.xml
Parizi Jeans,https://www.parizijeans.com.br/,https://www.parizijeans.com.br/XMLData/GoogleShopping.xml
VivaVinho,https://www.vivavinho.com.br/,https://www.vivavinho.com.br/XMLData/GoogleShopping.xml
Rosa Valverde,https://www.rosavalverde.com.br/,https://www.rosavalverde.com.br/XMLData/GoogleShopping.xml
CastroNaves,https://www.castronaves.com.br/,https://www.castronaves.com.br/XMLData/GoogleShopping.xml
ProHall,https://www.lojaprohall.com.br/,https://www.lojaprohall.com.br/XMLData/GoogleShopping.xml
PuraMagia,https://www.puramagia.com.br/,https://www.puramagia.com.br/XMLData/GoogleShopping.xml
Romeu Couros,https://www.romeucouros.com.br/,https://www.romeucouros.com.br/XMLData/GoogleShopping.xml
Summer Shop,https://www.summershop.com.br/,https://www.summershop.com.br/XMLData/GoogleShopping.xml
Milla Gomes,https://www.millagomes.com.br/,https://www.millagomes.com.br/XMLData/GoogleShopping.xml
Viggore,https://www.viggore.com.br/,https://www.viggore.com.br/XMLData/GoogleShopping.xml
Europa,https://loja.europa.com.br/,https://loja.europa.com.br/XMLData/Zoom.xml
FerMáquinas,https://www.fermaquinas.com.br/,https://www.fermaquinas.com.br/XMLData/GoogleShopping.xml
Mirage,https://www.mirage.com.br/,https://www.mirage.com.br/XMLData/Zoom.xml
Le Briju,https://www.lebriju.com.br/,https://www.lebriju.com.br/XMLData/GoogleShopping.xml
Mundo 25,https://www.mundo25.com.br/,https://www.mundo25.com.br/XMLData/Zoom.xml
Lojas Wessel,https://www.lojaswessel.com.br/,https://www.lojaswessel.com.br/XMLData/GoogleShopping.xml
Franke,https://loja.franke.com.br/,https://loja.franke.com.br/XMLData/GoogleShopping.xml
Renotech,https://www.renotech.com.br/,https://www.renotech.com.br/XMLData/GoogleShopping.xml
Doces Malu,https://www.edchup.com.br/,https://www.edchup.com.br/XMLData/GoogleShopping.xml
Enna,https://www.enna.com.br/,https://www.enna.com.br/XMLData/GoogleShopping.xml
Cordel do Bebê,https://www.lojacordeldobebe.com.br/,https://www.lojacordeldobebe.com.br/XMLData/GoogleShopping.xml
Keep Running,https://www.keeprunningbrasil.com.br/,https://www.keeprunningbrasil.com.br/XMLData/GoogleShopping.xml
Loja dos Óculos,https://www.lojadosoculos.com.br/,https://www.lojadosoculos.com.br/XMLData/GoogleShopping.xml
Easy Courier,https://easycourier.com.br/,https://easycourier.com.br/XMLData/GoogleShopping.xml
Lauton Nutriton,https://www.lauton.com.br/,https://www.lauton.com.br/XMLData/GoogleShopping.xml
Loja do Médico,https://www.lojadomedico.com.br/,https://www.lojadomedico.com.br/XMLData/GoogleShopping.xml
Officina7 Store,https://www.oculosofficina7.com.br/,https://www.oculosofficina7.com.br/XMLData/GoogleShopping.xml
Omega Dornier,https://www.omegadornier.com.br/,https://www.omegadornier.com.br/XMLData/GoogleShopping.xml
Shopping Cerrado,https://loja.shoppingcerrado.com.br/,https://loja.shoppingcerrado.com.br/XMLData/GoogleShopping.xml
Belluno,https://www.belluno.com.br/,https://www.belluno.com.br/XMLData/GoogleShopping.xml
Dade Presente,https://www.dadepresente.com.br/,https://www.dadepresente.com.br/XMLData/GoogleShopping.xml
Nesh,https://www.neshstore.com.br/,https://www.neshstore.com.br/XMLData/GoogleShopping.xml
Perlatto,https://www.perlatto.com.br/,https://www.perlatto.com.br/XMLData/GoogleShopping.xml
GPJ Informática,https://www.gpj.com.br/,https://www.gpj.com.br/XMLData/GoogleShopping.xml
Rei das Jóias,https://www.reidasjoias.com.br/,https://www.reidasjoias.com.br/XMLData/GoogleShopping.xml
eCasaDecor,https://www.ecasadecor.com.br/,https://www.ecasadecor.com.br/XMLData/GoogleShopping.xml
Pangea Parts,https://www.pangeaparts.com.br/,https://www.pangeaparts.com.br/XMLData/GoogleShopping.xml
Casa Goianita,https://www.casagoianita.com.br/,https://www.casagoianita.com.br/XMLData/GoogleShopping.xml
Dullius,https://www.dullius.com.br/,https://www.dullius.com.br/XMLData/GoogleShopping.xml
Cirúrgica Zona Sul,https://www.cirurgicazonasul.com.br/,https://www.cirurgicazonasul.com.br/XMLData/GoogleShopping.xml
Visionari,https://www.visionari.com.br/,https://www.visionari.com.br/XMLData/GoogleShopping.xml
Litranzação,https://www.litranzacao.com.br/,https://www.litranzacao.com.br/XMLData/GoogleShopping.xml
Pijama Online,https://www.pijamaonline.com.br/,https://www.pijamaonline.com.br/XMLData/Zoom.xml
ProSport,https://www.prosportbike.com.br/,https://www.prosportbike.com.br/XMLData/GoogleShopping.xml
DKW Store,https://www.dkwstore.com.br/,https://www.dkwstore.com.br/XMLData/GoogleShopping.xml
CL Joias,https://www.cljoias.com.br/,https://www.cljoias.com.br/XMLData/GoogleShopping.xml
Erotika SexShop,https://www.erotikashop.com.br/,https://www.erotikashop.com.br/XMLData/GoogleShopping.xml
MSA Cosméticos,https://www.msacosmeticos.com.br/,https://www.msacosmeticos.com.br/XMLData/GoogleShopping.xml
Melhor do Sapato,https://www.melhordosapato.com.br/,https://www.melhordosapato.com.br/XMLData/GoogleShopping.xml
Macrolub,https://www.macrolub.com.br/,https://www.macrolub.com.br/XMLData/GoogleShopping.xml
Êbba Móveis,https://www.ebbamoveis.com.br/,https://www.ebbamoveis.com.br/XMLData/GoogleShopping.xml
COMP Autopeças,https://www.autopecascomp.com.br/,https://www.autopecascomp.com.br/XMLData/GoogleShopping.xml
Fernet,https://www.fernet.com.br/,https://www.fernet.com.br/XMLData/GoogleShopping.xml
Oficinafu,https://www.oficinafu.com.br/,https://www.oficinafu.com.br/XMLData/GoogleShopping.xml
Cantinho da Moda,https://www.cantinhodamoda.com.br/,https://www.cantinhodamoda.com.br/XMLData/GoogleShopping.xml
Costa Mega Store,https://www.costaatacado.com.br/,https://www.costaatacado.com.br/XMLData/GoogleShopping.xml
Cigame,https://www.cigame.com.br/,https://www.cigame.com.br/XMLData/Lomadee.xml
Mercado dos Óculos,https://loja.mercadaodosoculos.com.br/,https://loja.mercadaodosoculos.com.br/XMLData/GoogleShopping.xml
EWG,https://www.ewg.com.br/,https://www.ewg.com.br/XMLData/GoogleShopping.xml
Tennis Classic,https://www.tennisclassic.com.br/,https://www.tennisclassic.com.br/XMLData/GoogleShopping.xml
Sapatinho de Luxo,https://www.sapatinhodeluxo.com.br/,https://www.sapatinhodeluxo.com.br/XMLData/GoogleShopping.xml
Km de Vantagens,https://www.lojadecervejaskmv.com.br/,https://www.lojadecervejaskmv.com.br/XMLData/GoogleShopping.xml
Suil Parfumerie,https://www.suilperfumaria.com.br/,https://www.suilperfumaria.com.br/XMLData/Buscape.xml
Loja Cuba,https://www.lojacuba.com.br/,https://www.lojacuba.com.br/XMLData/GoogleShopping.xml
Multibar,https://www.multibar.com.br/,https://www.multibar.com.br/XMLData/GoogleShopping.xml
Mais Brasil Motos,https://www.maisbrasilmotos.com.br/,https://www.maisbrasilmotos.com.br/XMLData/GoogleShopping.xml
Center Cor,https://www.centercorhospitalar.com.br/,https://www.centercorhospitalar.com.br/XMLData/Zoom.xml
Clube de Bordar,https://www.clubedebordar.com.br/,https://www.clubedebordar.com.br/XMLData/GoogleShopping.xml
Iogurtes Online,https://www.iogurtesonline.com.br/,https://www.iogurtesonline.com.br/XMLData/GoogleShopping.xml
Vezzo,https://www.vezzomoveis.com.br/,https://www.vezzomoveis.com.br/XMLData/GoogleShopping.xml
R2 Imports,https://www.r2imports.com.br/,https://www.r2imports.com.br/XMLData/GoogleShopping.xml
E-Led,https://www.elediluminacao.com.br/,https://www.elediluminacao.com.br/XMLData/GoogleShopping.xml
Click + Beleza,https://www.clickmaisbeleza.com.br/,https://www.clickmaisbeleza.com.br/XMLData/GoogleShopping.xml
A Confiança,https://www.aconfianca.com.br/,https://www.aconfianca.com.br/XMLData/GoogleShopping.xml
Crown Canetas,https://www.canetascrown.com.br/,https://www.canetascrown.com.br/XMLData/GoogleShopping.xml
Bettallo,https://www.bettarello.com.br/,https://www.bettarello.com.br/XMLData/GoogleShopping.xml
utensílios do chef,https://www.utensiliosdochef.com.br/,https://www.utensiliosdochef.com.br/XMLData/GoogleShopping.xml
Parque D. Pedro,https://compras.parquedpedro.com.br/,https://compras.parquedpedro.com.br/XMLData/GoogleShopping.xml
Brama,https://www.bramamateriais.com.br/,https://www.bramamateriais.com.br/XMLData/GoogleShopping.xml
Intelecto,https://www.intelectosolucoes.com.br/,https://www.intelectosolucoes.com.br/XMLData/GoogleShopping.xml
Uniftec,https://www.unifteconline.com.br/,https://www.unifteconline.com.br/XMLData/GoogleShopping.xml
Dero Decor,https://www.derodecor.com.br/,https://www.derodecor.com.br/XMLData/Zoom.xml
EMI Beachwear,https://www.emibeachwear.com.br/,https://www.emibeachwear.com.br/XMLData/GoogleShopping.xml
Carinhoso Kids,https://www.carinhosokids.com.br/,https://www.carinhosokids.com.br/XMLData/GoogleShopping.xml
Best Battery,https://www.bestbattery.com.br/,https://www.bestbattery.com.br/XMLData/Zoom.xml
Minha Cinta Modeladora,https://www.minhacintamodeladora.com.br/,https://www.minhacintamodeladora.com.br/XMLData/GoogleShopping.xml
MedShop,https://www.medshop.com.br/,https://www.medshop.com.br/XMLData/GoogleShopping.xml
Web Salão,https://www.websalao.com.br/,https://www.websalao.com.br/XMLData/GoogleShopping.xml
Uni Cred,https://clubedevantagens.unicred.com.br/,https://clubedevantagens.unicred.com.br/XMLData/GoogleShopping.xml
Magnifique,https://www.magnifique.com.br/,https://www.magnifique.com.br/XMLData/GoogleShopping.xml
Not Shoe,https://www.notashoe.com.br/,https://www.notashoe.com.br/XMLData/GoogleShopping.xml
We Fit Store,https://www.wefitstore.com.br/,https://www.wefitstore.com.br/XMLData/GoogleShopping.xml
Cosama,https://www.cosamapro.com.br/,https://www.cosamapro.com.br/XMLData/GoogleShopping.xml
oficina de Textos,https://www.lojaofitexto.com.br/,https://www.lojaofitexto.com.br/XMLData/GoogleShopping.xml
Chef Center,https://www.chefcenter.com.br/,https://www.chefcenter.com.br/XMLData/GoogleShopping.xml
letícia Gonzaga,https://www.leticiagonzaga.com.br/,https://www.leticiagonzaga.com.br/XMLData/GoogleShopping.xml
Delamano Info,https://www.delamanoinfo.com.br/,https://www.delamanoinfo.com.br/XMLData/GoogleShopping.xml
Empório & Cia,https://www.lojaemporioecia.com.br/,https://www.lojaemporioecia.com.br/XMLData/GoogleShopping.xml
Dimensional,https://www.b2c.dimensional.com.br/,https://www.b2c.dimensional.com.br/XMLData/GoogleShopping.xml
Loja Merc,https://www.lojamerc.com.br/,https://www.lojamerc.com.br/XMLData/GoogleShopping.xml
Amou Amei,https://www.amouamei.com.br/,https://www.amouamei.com.br/XMLData/GoogleShopping.xml
Capinhas no Atacado,https://www.capinhasnoatacado.com.br/,https://www.capinhasnoatacado.com.br/XMLData/GoogleShopping.xml
Joyce Fenolio Joias,https://www.joycefenolio.com.br/,https://www.joycefenolio.com.br/XMLData/Lomadee.xml
King Of Lenses,https://www.kingoflenses.com.br/,https://www.kingoflenses.com.br/XMLData/GoogleShopping.xml
Lili Bag,https://www.lilibag.com.br/,https://www.lilibag.com.br/XMLData/GoogleShopping.xml
Legner,https://www.legner.com.br/,https://www.legner.com.br/XMLData/GoogleShopping.xml
Tennis Action,https://www.tennisaction.com.br/,https://www.tennisaction.com.br/XMLData/GoogleShopping.xml
Nossos Bichos Pet,https://www.nossosbichospet.com.br/,https://www.nossosbichospet.com.br/XMLData/Zoom.xml
Graffite,https://www.graffite.com.br/,https://www.graffite.com.br/XMLData/Zoom.xml
Umec,https://www.umec.com.br/,https://www.umec.com.br/XMLData/GoogleShopping.xml
Hutz,https://www.hutz.com.br/,https://www.hutz.com.br/XMLData/GoogleShopping.xml
Etonini,https://www.etonini.com.br/,https://www.etonini.com.br/XMLData/GoogleShopping.xml
Déia Fitness,https://www.deiafitness.com.br/,https://www.deiafitness.com.br/XMLData/GoogleShopping.xml
Revest,https://www.revestacabamentos.com.br/,https://www.revestacabamentos.com.br/XMLData/GoogleShopping.xml
Poetique,https://www.poetique.com.br/,https://www.poetique.com.br/XMLData/GoogleShopping.xml
Haikai Presentes,https://www.haikaipresentes.com.br/,https://www.haikaipresentes.com.br/XMLData/GoogleShopping.xml
Chiptronic Store,https://www.chiptronicstore.com.br/,https://www.chiptronicstore.com.br/XMLData/GoogleShopping.xml
Cris Presentes,https://www.crispresentes.com.br/,https://www.crispresentes.com.br/XMLData/GoogleShopping.xml
Atacado Jandaia,https://www.atacadojandaia.com.br/,https://www.atacadojandaia.com.br/XMLData/GoogleShopping.xml
Eric Bike,https://www.ericbike.com.br/,https://www.ericbike.com.br/XMLData/GoogleShopping.xml
Diba 695,https://www.diba695.com.br/,https://www.diba695.com.br/XMLData/GoogleShopping.xml
Gallery Rock ,https://www.galleryrock.com.br/,https://www.galleryrock.com.br/XMLData/GoogleShopping.xml
Celltronics,https://www.celltronics.com.br/,https://www.celltronics.com.br/XMLData/GoogleShopping.xml
Élie,https://www.elie.com.br/,https://www.elie.com.br/XMLData/GoogleShopping.xml
Ótica Santana,https://www.oticasantanabr.com.br/,https://www.oticasantanabr.com.br/XMLData/Zoom.xml
Contrisul,https://www.contrisul.com.br/,https://www.contrisul.com.br/XMLData/GoogleShopping.xml
Triunfo Pneus,https://www.triunfopneus.com.br/,https://www.triunfopneus.com.br/XMLData/GoogleShopping.xml
Mor distribuidora,https://www.mordistribuidora.com.br/,https://www.mordistribuidora.com.br/XMLData/Zoom.xml
Merco Store,https://www.mercostore.com.br/,https://www.mercostore.com.br/XMLData/GoogleShopping.xml
DWGA,https://www.dwga.com.br/,https://www.dwga.com.br/XMLData/GoogleShopping.xml
Sol & Vento,https://www.solevento.com.br/,https://www.solevento.com.br/XMLData/GoogleShopping.xml
Off boardshop,https://www.offboardshop.com.br/,https://www.offboardshop.com.br/XMLData/GoogleShopping.xml
Energilux,https://www.energilux.com.br/,https://www.energilux.com.br/XMLData/Zoom.xml
Degusta Casa,https://www.degusta.com.br/,https://www.degusta.com.br/XMLData/GoogleShopping.xml
Rhino Autoparts,https://www.rhinoautoparts.com.br/,https://www.rhinoautoparts.com.br/XMLData/GoogleShopping.xml
Embralumi Iluminação,https://www.embralumi.com.br/,https://www.embralumi.com.br/XMLData/GoogleShopping.xml
Andacco,https://www.lojaandacco.com.br/,https://www.lojaandacco.com.br/XMLData/GoogleShopping.xml
Medicinal,https://www.medicinalnaweb.com.br/,https://www.medicinalnaweb.com.br/XMLData/GoogleShopping.xml
M.Pollo,https://loja.mpollo.com.br/,https://loja.mpollo.com.br/XMLData/GoogleShopping.xml
Manga Arts,https://www.mangoarts.com.br/,https://www.mangoarts.com.br/XMLData/GoogleShopping.xml
Maria Dolores,https://shop.designmariadolores.com.br/,https://shop.designmariadolores.com.br/XMLData/GoogleShopping.xml
Embrar,https://www.embrar.com.br/,https://www.embrar.com.br/XMLData/GoogleShopping.xml
Candall,https://www.candall.com.br/,https://www.candall.com.br/XMLData/GoogleShopping.xml
QVestido,https://www.qvestido.com.br/,https://www.qvestido.com.br/XMLData/Zoom.xml
Agulha Mágica,https://www.taniasilva.com.br/,https://www.taniasilva.com.br/XMLData/Buscape.xml
Bomba Shopping,https://www.bombashopping.com.br/,https://www.bombashopping.com.br/XMLData/Zoom.xml
FKV Calçados,https://www.fkvcalcados.com.br/,https://www.fkvcalcados.com.br/XMLData/GoogleShopping.xml
Ravin,https://www.ravin.com.br/,https://www.ravin.com.br/XMLData/GoogleShopping.xml
Eurosono,https://www.eurosono.com.br/,https://www.eurosono.com.br/XMLData/GoogleShopping.xml
Magic Color,https://www.loja.magiccolor.com.br/,https://www.loja.magiccolor.com.br/XMLData/GoogleShopping.xml
Natufibras,https://www.natufibras.com.br/,https://www.natufibras.com.br/XMLData/Zoom.xml
Karcher,https://loja.karcher.com.br/,https://loja.karcher.com.br/XMLData/GoogleShopping.xml
Occhi Azzurri,https://www.occhiazzurri.com.br/,https://www.occhiazzurri.com.br/XMLData/GoogleShopping.xml
Macpaul,https://www.macpaulweb.com.br/,https://www.macpaulweb.com.br/XMLData/GoogleShopping.xml
Magma,https://www.lojamagma.com.br/,https://www.lojamagma.com.br/XMLData/GoogleShopping.xml
Ikesaki,https://www.topsalonstoreikesaki.com.br/,https://www.topsalonstoreikesaki.com.br/XMLData/GoogleShopping.xml
Época Galeria de Arte,http://www.epocagaleria.com.br/,http://www.epocagaleria.com.br/XMLData/GoogleShopping.xml
Big Shirts,https://www.bigshirts.com.br/,https://www.bigshirts.com.br/XMLData/GoogleShopping.xml
Ágape,https://loja.agapemoda.com.br/,https://loja.agapemoda.com.br/XMLData/GoogleShopping.xml
Clenea,https://www.clenea.com.br/,https://www.clenea.com.br/XMLData/GoogleShopping.xml
Wellcomp,https://www.wellcomp.com.br/,https://www.wellcomp.com.br/XMLData/Zoom.xml
Dana Cosméticos,https://www.danacosmeticos.com.br/,https://www.danacosmeticos.com.br/XMLData/GoogleShopping.xml
Portssar,https://www.lojaportssar.com.br/,https://www.lojaportssar.com.br/XMLData/GoogleShopping.xml
Damies,https://www.damies.com.br/,https://www.damies.com.br/XMLData/GoogleShopping.xml
Formas & Cia,https://www.formasecia.com.br/,https://www.formasecia.com.br/XMLData/GoogleShopping.xml
The Box Project,https://www.theboxproject.com.br/,https://www.theboxproject.com.br/XMLData/GoogleShopping.xml
Decore Comigo,https://www.decorecomigo.com.br/,https://www.decorecomigo.com.br/XMLData/Zoom.xml
Acquafort,https://www.acquafort.com.br/,https://www.acquafort.com.br/XMLData/GoogleShopping.xml
Rosamango,https://www.rosamango.com.br/,https://www.rosamango.com.br/XMLData/GoogleShopping.xml
Continental,https://www.continentalbrasil.com.br/,https://www.continentalbrasil.com.br/XMLData/Lomadee.xml
Officina7,https://www.officina7.com.br/,https://www.officina7.com.br/XMLData/GoogleShopping.xml
Ciriana,https://www.ciriana.com.br/,https://www.ciriana.com.br/XMLData/GoogleShopping.xml
Prudente Pneus,https://www.prudentepneus.com.br/,https://www.prudentepneus.com.br/XMLData/GoogleShopping.xml
Home is,https://www.homeis.com.br/,https://www.homeis.com.br/XMLData/GoogleShopping.xml
Visual Bike,https://www.visualbike.com.br/,https://www.visualbike.com.br/XMLData/GoogleShopping.xml
Bora Lifestyle,https://www.usebora.com.br/,https://www.usebora.com.br/XMLData/GoogleShopping.xml
Centerparts ,https://catalogo.centerb2b.com.br/,https://catalogo.centerb2b.com.br/XMLData/GoogleShopping.xml
Like Cosméticos,https://www.likecosmeticos.com.br/,https://www.likecosmeticos.com.br/XMLData/GoogleShopping.xml
Maçã de Eva,https://www.macadeeva.com.br/,https://www.macadeeva.com.br/XMLData/GoogleShopping.xml
Shopping do Acabamento,https://www.shoppingdoacabamento.com.br/,https://www.shoppingdoacabamento.com.br/XMLData/GoogleShopping.xml
Charth,https://www.charth.com.br/,https://www.charth.com.br/XMLData/GoogleShopping.xml
Klabin ForYou,https://www.klabinforyou.com.br/,https://www.klabinforyou.com.br/XMLData/GoogleShopping.xml
Azupa,https://www.azupa.com.br/,https://www.azupa.com.br/XMLData/GoogleShopping.xml
Royalz,https://www.royalz.com.br/,https://www.royalz.com.br/XMLData/GoogleShopping.xml
Meu Biquini,https://www.meubiquini.com.br/,https://www.meubiquini.com.br/XMLData/GoogleShopping.xml
Super Elétrica,https://www.supereletrica.com.br/,https://www.supereletrica.com.br/XMLData/GoogleShopping.xml
Hospital dos Relógios,https://www.hospitaldosrelogios.com.br/,https://www.hospitaldosrelogios.com.br/XMLData/GoogleShopping.xml
Yell Mobile,https://www.yellmobile.com.br/,https://www.yellmobile.com.br/XMLData/GoogleShopping.xml
Pense Dentro da Caixa,https://www.pensedentrodacaixa.com.br/,https://www.pensedentrodacaixa.com.br/XMLData/GoogleShopping.xml
Way Tenis,https://www.waytenis.com.br/,https://www.waytenis.com.br/XMLData/GoogleShopping.xml
Cirúrgica Bonaparte,https://www.cirurgicabonaparte.com.br/,https://www.cirurgicabonaparte.com.br/XMLData/GoogleShopping.xml
Atau !,https://www.atau.com.br/,https://www.atau.com.br/XMLData/GoogleShopping.xml
Notado,https://www.notado.com.br/,https://www.notado.com.br/XMLData/GoogleShopping.xml
MultiarBlu,https://www.multiarblu.com.br/,https://www.multiarblu.com.br/XMLData/GoogleShopping.xml
Fluiarte Joias,https://www.fluiartejoias.com.br/,https://www.fluiartejoias.com.br/XMLData/GoogleShopping.xml
Flicka Kids,https://www.flickakids.com.br/,https://www.flickakids.com.br/XMLData/Zoom.xml
San Remo Baby,https://www.sanremobaby.com.br/,https://www.sanremobaby.com.br/XMLData/GoogleShopping.xml
Patola Store,https://www.patolastore.com.br/,https://www.patolastore.com.br/XMLData/GoogleShopping.xml
Baby Joy,https://www.lojababyjoy.com.br/,https://www.lojababyjoy.com.br/XMLData/GoogleShopping.xml
Silk Skin,https://www.silkskin.com.br/,https://www.silkskin.com.br/XMLData/GoogleShopping.xml
Pau a Pique,https://www.pauapique.com.br/,https://www.pauapique.com.br/XMLData/GoogleShopping.xml
Luna Ervas,https://www.lunaervas.com.br/,https://www.lunaervas.com.br/XMLData/GoogleShopping.xml
Aquamax Bebedouros,https://www.aquamaxbebedouros.com.br/,https://www.aquamaxbebedouros.com.br/XMLData/GoogleShopping.xml
Brutal Massa,https://www.brutalmassa.com.br/,https://www.brutalmassa.com.br/XMLData/GoogleShopping.xml
Due Tre,https://www.duetre.com.br/,https://www.duetre.com.br/XMLData/GoogleShopping.xml
IDM Shop,https://www.idmshop.com.br/,https://www.idmshop.com.br/XMLData/Zoom.xml
Yahoo Calçados ,https://www.yahoocalcados.com.br/,https://www.yahoocalcados.com.br/XMLData/GoogleShopping.xml
Sensualle,https://www.lojasensualle.com.br/,https://www.lojasensualle.com.br/XMLData/GoogleShopping.xml
Talismã Joias,https://www.talismajoias.com.br/,https://www.talismajoias.com.br/XMLData/GoogleShopping.xml
BSH Store,https://www.bshstore.com.br/,https://www.bshstore.com.br/XMLData/Zoom.xml
Loja da Comadre,https://www.lojadacomadre.com.br/,https://www.lojadacomadre.com.br/XMLData/GoogleShopping.xml
Casa Caso,https://www.casacaso.com.br/,https://www.casacaso.com.br/XMLData/GoogleShopping.xml
Mhuda,https://www.mhuda.com.br/,https://www.mhuda.com.br/XMLData/GoogleShopping.xml
Lemare Móveis,https://www.lemaremoveis.com.br/,https://www.lemaremoveis.com.br/XMLData/GoogleShopping.xml
Saúde & Ortopedia,https://www.saudeeortopedia.com.br/,https://www.saudeeortopedia.com.br/XMLData/GoogleShopping.xml
Tamashii,https://www.tamashii.com.br/,https://www.tamashii.com.br/XMLData/GoogleShopping.xml
Loja da Forma,https://www.lojadaforma.com.br/,https://www.lojadaforma.com.br/XMLData/GoogleShopping.xml
Vandinha,https://www.vandinha.com.br/,https://www.vandinha.com.br/XMLData/GoogleShopping.xml
Gráfica Veiga Soares,https://www.graficaveigasoares.com.br/,https://www.graficaveigasoares.com.br/XMLData/GoogleShopping.xml
Tudo com Nome,https://www.tudocomnome.com.br/,https://www.tudocomnome.com.br/XMLData/GoogleShopping.xml
Cirúrgica Saúde,https://www.cirurgicasaudeonline.com.br/,https://www.cirurgicasaudeonline.com.br/XMLData/GoogleShopping.xml
Mega Compras,https://www.megacompras.com.br/,https://www.megacompras.com.br/XMLData/GoogleShopping.xml
Pequenos Travessos,https://www.pequenostravessos.com.br/,https://www.pequenostravessos.com.br/XMLData/GoogleShopping.xml
Ville Marie,https://www.villemarie.com.br/,https://www.villemarie.com.br/XMLData/Zoom.xml
E-Composites,https://www.e-composites.com.br/,https://www.e-composites.com.br/XMLData/GoogleShopping.xml
Casa Bebidas,https://www.casabebidas.com.br/,https://www.casabebidas.com.br/XMLData/GoogleShopping.xml
Giulianna Fiori,https://www.giuliannafiori.com.br/,https://www.giuliannafiori.com.br/XMLData/GoogleShopping.xml
Duna Casual,https://www.dunacasual.com.br/,https://www.dunacasual.com.br/XMLData/GoogleShopping.xml
Intuicion Deluxe,https://www.intuiciondeluxe.com.br/,https://www.intuiciondeluxe.com.br/XMLData/GoogleShopping.xml
Fjall Raven,https://www.fjallraven.com.br/,https://www.fjallraven.com.br/XMLData/GoogleShopping.xml
Grupo Ep Artesanato,https://www.epartesanato.com.br/,https://www.epartesanato.com.br/XMLData/GoogleShopping.xml
Pegada ,https://www.lojapegada.com.br/,https://www.lojapegada.com.br/XMLData/Zoom.xml
Vivenda Do Camarão,https://vivendaemcasa.vivendadocamarao.com.br/,https://vivendaemcasa.vivendadocamarao.com.br/XMLData/GoogleShopping.xml
Ótica Cristalli,https://www.cristalliotica.com.br/,https://www.cristalliotica.com.br/XMLData/Zoom.xml
Gm Market,https://www.gmnutrition.com.br/,https://www.gmnutrition.com.br/XMLData/GoogleShopping.xml
Lara Baby Kids,https://www.larababykids.com.br/,https://www.larababykids.com.br/XMLData/GoogleShopping.xml
ASapatilhas,https://www.asapatilha.com.br/,https://www.asapatilha.com.br/XMLData/GoogleShopping.xml
Daiane Shopping das Festas,https://www.daianeshoppingdasfestas.com.br/,https://www.daianeshoppingdasfestas.com.br/XMLData/GoogleShopping.xml
Amendolate,https://www.amendolate.com.br/,https://www.amendolate.com.br/XMLData/GoogleShopping.xml
Lelive,https://www.lelive.com.br/,https://www.lelive.com.br/XMLData/GoogleShopping.xml
Casa dos Móveis,https://www.casadosmoveis.com.br/,https://www.casadosmoveis.com.br/XMLData/GoogleShopping.xml
Toca dos Peixes,https://www.tocadospeixes.com.br/,https://www.tocadospeixes.com.br/XMLData/GoogleShopping.xml
Benipet Pet Shop,https://www.benipet.com.br/,https://www.benipet.com.br/XMLData/GoogleShopping.xml
Cosama Casa,https://www.cosamacasa.com.br/,https://www.cosamacasa.com.br/XMLData/GoogleShopping.xml
Kin Festas,https://www.kinfestas.com.br/,https://www.kinfestas.com.br/XMLData/GoogleShopping.xml
Artllure Joias,https://www.artllure.com.br/,https://www.artllure.com.br/XMLData/GoogleShopping.xml
MobCom,https://www.mobcomstore.com.br/,https://www.mobcomstore.com.br/XMLData/GoogleShopping.xml
Tapetes Doural,https://www.tapetesdoural.com.br/,https://www.tapetesdoural.com.br/XMLData/GoogleShopping.xml
Bebe Original,https://www.bebeoriginal.com.br/,https://www.bebeoriginal.com.br/XMLData/GoogleShopping.xml
Mary Tools,https://www.marytools.com.br/,https://www.marytools.com.br/XMLData/GoogleShopping.xml
Bared Brazil,https://www.bared.com.br/,https://www.bared.com.br/XMLData/GoogleShopping.xml
Maré Brasil,https://www.marebrasil.com.br/,https://www.marebrasil.com.br/XMLData/GoogleShopping.xml
Unido Donto,https://www.uniodontocampinasonline.com.br/,https://www.uniodontocampinasonline.com.br/XMLData/GoogleShopping.xml
5.11 Rio Tactical,https://www.511tacticallojista.com.br/,https://www.511tacticallojista.com.br/XMLData/GoogleShopping.xml
Calçados Saltare,https://www.calcadossaltare.com.br/,https://www.calcadossaltare.com.br/XMLData/GoogleShopping.xml
Mari Cabelos Estetica,https://loja.maricabeloestetica.com.br/,https://loja.maricabeloestetica.com.br/XMLData/GoogleShopping.xml
Beast Mode,https://www.beastmodebrasil.com.br/,https://www.beastmodebrasil.com.br/XMLData/GoogleShopping.xml
Bup Baby,https://www.loja.bupbaby.com.br/,https://www.loja.bupbaby.com.br/XMLData/GoogleShopping.xml
Spet Industria,https://www.spetindustria.com.br/,https://www.spetindustria.com.br/XMLData/GoogleShopping.xml
Beleza Hermas,https://www.belezahermas.com.br/,https://www.belezahermas.com.br/XMLData/GoogleShopping.xml
Charme Lingerie,https://www.lingeriecharme.com.br/,https://www.lingeriecharme.com.br/XMLData/GoogleShopping.xml
Dental Moconequi,https://www.dentalmaconequi.com.br/,https://www.dentalmaconequi.com.br/XMLData/GoogleShopping.xml
Roberto Capelli,https://loja.robertocapelli.com.br/,https://loja.robertocapelli.com.br/XMLData/GoogleShopping.xml
Excellence Home Shop,https://www.excellenceshop.com.br/,https://www.excellenceshop.com.br/XMLData/GoogleShopping.xml
Evolux,https://www.linhaevolux.com.br/,https://www.linhaevolux.com.br/XMLData/GoogleShopping.xml
Jaguare Comercial,https://www.jaguarecomercial.com.br/,https://www.jaguarecomercial.com.br/XMLData/GoogleShopping.xml
Pecashop,https://www.pecashop.com.br/,https://www.pecashop.com.br/XMLData/GoogleShopping.xml
Lexmark Store ,https://www.lexmarkstore.com.br/,https://www.lexmarkstore.com.br/XMLData/GoogleShopping.xml
Thule Store,https://www.thulestore-riodesignbarra.com.br/,https://www.thulestore-riodesignbarra.com.br/XMLData/GoogleShopping.xml
Lackto ,https://www.lackto.com.br/,https://www.lackto.com.br/XMLData/GoogleShopping.xml
Espaco Gioh,https://loja.espacogioh.com.br/,https://loja.espacogioh.com.br/XMLData/GoogleShopping.xml
Auto Peças São Lucas,https://www.autopecassaolucas.com.br/,https://www.autopecassaolucas.com.br/XMLData/GoogleShopping.xml
Movement,https://loja.movement.com.br/,https://loja.movement.com.br/XMLData/GoogleShopping.xml
Premier Cosméticos,https://www.premiercosmeticos.com.br/,https://www.premiercosmeticos.com.br/XMLData/GoogleShopping.xml
Grupo Kolplast,http://loja.kolplast.com.br/,http://loja.kolplast.com.br/XMLData/GoogleShopping.xml
Lunica,https://loja.lunicaatelie.com.br/,https://loja.lunicaatelie.com.br/XMLData/GoogleShopping.xml
Memória Forense,https://www.memoriaforense.com.br/,https://www.memoriaforense.com.br/XMLData/Zoom.xml
FaraOne,https://www.fara1.com.br/,https://www.fara1.com.br/XMLData/GoogleShopping.xml
Tatuifer,https://www.tatuifer.com.br/,https://www.tatuifer.com.br/XMLData/GoogleShopping.xml
Prya,https://loja.prya.com.br/,https://loja.prya.com.br/XMLData/GoogleShopping.xml
Quinta Valentina,https://loja.quintavalentina.com.br/,https://loja.quintavalentina.com.br/XMLData/GoogleShopping.xml
Moda Fácil,https://www.modafacil.com.br/,https://www.modafacil.com.br/XMLData/GoogleShopping.xml
Maré Mansa,https://www.amaremansa.com.br/,https://www.amaremansa.com.br/XMLData/GoogleShopping.xml
Maria de Pijama,https://www.mariadepijama.com.br/,https://www.mariadepijama.com.br/XMLData/GoogleShopping.xml
Vision For You,https://www.visionforyou.com.br/,https://www.visionforyou.com.br/XMLData/GoogleShopping.xml
Só Taramps,https://www.sotaramps.com.br/,https://www.sotaramps.com.br/XMLData/GoogleShopping.xml
Prêt à Louer,https://www.pretalouer.com.br/,https://www.pretalouer.com.br/XMLData/GoogleShopping.xml
Enlevolar,https://www.enlevolar.com.br/,https://www.enlevolar.com.br/XMLData/GoogleShopping.xml
Black Decker,https://eletro.blackanddecker.com.br/,https://eletro.blackanddecker.com.br/XMLData/GoogleShopping.xml
Manias da Maria,https://www.maniasdamaria.com.br/,https://www.maniasdamaria.com.br/XMLData/GoogleShopping.xml
Speed Tri,https://www.speedtri.com.br/,https://www.speedtri.com.br/XMLData/GoogleShopping.xml
Haoma,https://www.amohaoma.com.br/,https://www.amohaoma.com.br/XMLData/GoogleShopping.xml
Harada Hair,https://loja.haradahair.com.br/,https://loja.haradahair.com.br/XMLData/GoogleShopping.xml
Offert,https://www.offert.com.br/,https://www.offert.com.br/XMLData/GoogleShopping.xml
Luiz Dorini,https://loja.luizdorini.com.br/,https://loja.luizdorini.com.br/XMLData/GoogleShopping.xml
Waw Design,https://www.wawdesign.com.br/,https://www.wawdesign.com.br/XMLData/GoogleShopping.xml
HB Agabê,https://www.hbagabe.com.br/,https://www.hbagabe.com.br/XMLData/GoogleShopping.xml
Bassani Studio,https://loja.studiobassani.com.br/,https://loja.studiobassani.com.br/XMLData/GoogleShopping.xml
Chamel Esmalteria,https://loja.chamelesmalteria.com.br/,https://loja.chamelesmalteria.com.br/XMLData/GoogleShopping.xml
Willian Arroyo,https://loja.willianarroyostudio.com.br/,https://loja.willianarroyostudio.com.br/XMLData/GoogleShopping.xml
Toda Bella,https://loja.todabellasalao.com.br/,https://loja.todabellasalao.com.br/XMLData/GoogleShopping.xml
Lumiere Beute,https://loja.lumierebeaute.com.br/,https://loja.lumierebeaute.com.br/XMLData/GoogleShopping.xml
Lelly´s,https://loja.lellysonline.com.br/,https://loja.lellysonline.com.br/XMLData/GoogleShopping.xml
Nelza Salgado Store,https://loja.nelzasalgado.com.br/,https://loja.nelzasalgado.com.br/XMLData/GoogleShopping.xml
Guilherme Camilo,https://loja.atelierriodejaneiro.com.br/,https://loja.atelierriodejaneiro.com.br/XMLData/GoogleShopping.xml
Maria Maria,https://loja.mariamariacabeleireiros.com.br/,https://loja.mariamariacabeleireiros.com.br/XMLData/GoogleShopping.xml
Vitrine Direta,https://www.vitrinedireta.com.br/,https://www.vitrinedireta.com.br/XMLData/GoogleShopping.xml
Claudio Paulino,https://loja.studioclaudiopaulino.com.br/,https://loja.studioclaudiopaulino.com.br/XMLData/GoogleShopping.xml
J.A Studio De Beleza,https://loja.jastudiodebeleza.com.br/,https://loja.jastudiodebeleza.com.br/XMLData/GoogleShopping.xml
Fashion Life,https://loja.studiofashionlife.com.br/,https://loja.studiofashionlife.com.br/XMLData/GoogleShopping.xml
Rei dos Reles,https://www.lojareidosreles.com.br/,https://www.lojareidosreles.com.br/XMLData/GoogleShopping.xml
Eu Fina,https://www.eufina.com.br/,https://www.eufina.com.br/XMLData/GoogleShopping.xml
Hair Concept,https://loja.hairconcept.com.br/,https://loja.hairconcept.com.br/XMLData/GoogleShopping.xml
Matsunos,https://loja.matsunos.com.br/,https://loja.matsunos.com.br/XMLData/GoogleShopping.xml
Divas Beauty Shop,https://loja.divasbeautyshop.com.br/,https://loja.divasbeautyshop.com.br/XMLData/GoogleShopping.xml
Jozefina,https://www.jozefina.com.br/,https://www.jozefina.com.br/XMLData/GoogleShopping.xml
Lofta,https://loja.lofta.com.br/,https://loja.lofta.com.br/XMLData/GoogleShopping.xml
Casa Marcos Lima ,https://loja.casamarcoslima.com.br/,https://loja.casamarcoslima.com.br/XMLData/GoogleShopping.xml
Mk Hair,https://loja.mkhair.com.br/,https://loja.mkhair.com.br/XMLData/GoogleShopping.xml
Daskiind,https://www.daskiind.com.br/,https://www.daskiind.com.br/XMLData/GoogleShopping.xml
Bétulas Studio,https://loja.betulasstudio.com.br/,https://loja.betulasstudio.com.br/XMLData/GoogleShopping.xml
Je Bien,https://loja.jebien.com.br/,https://loja.jebien.com.br/XMLData/GoogleShopping.xml
Beaumontt,https://loja.salaobeaumountt.com.br/,https://loja.salaobeaumountt.com.br/XMLData/GoogleShopping.xml
Gsold,https://www.gsold.com.br/,https://www.gsold.com.br/XMLData/GoogleShopping.xml
Wok Grill,https://www.wokgrill.com.br/,https://www.wokgrill.com.br/XMLData/GoogleShopping.xml
Comper ,https://www.comper.com.br/,https://www.comper.com.br/XMLData/GoogleShopping.xml
Cotiplas,https://www.loja.cotiplas.com.br/,https://www.loja.cotiplas.com.br/XMLData/GoogleShopping.xml
NutraCis,https://www.nutracis.com.br/,https://www.nutracis.com.br/XMLData/GoogleShopping.xml
Saltare Mini,https://www.saltaremini.com.br/,https://www.saltaremini.com.br/XMLData/GoogleShopping.xml
Bras Mart,https://www.brasmart.com.br/,https://www.brasmart.com.br/XMLData/GoogleShopping.xml
Politintas,https://loja.politintas.com.br/,https://loja.politintas.com.br/XMLData/GoogleShopping.xml
Pado,https://www.lojapado.com.br/,https://www.lojapado.com.br/XMLData/GoogleShopping.xml
Evol,https://www.evoleyewear.com.br/,https://www.evoleyewear.com.br/XMLData/GoogleShopping.xml
VeroFatto,https://www.lojaverofatto.com.br/,https://www.lojaverofatto.com.br/XMLData/GoogleShopping.xml
Orra Que Barato,https://www.orraquebarato.com.br/,https://www.orraquebarato.com.br/XMLData/GoogleShopping.xml
Alto Estilo,https://loja.altoestiloestetica.com.br/,https://loja.altoestiloestetica.com.br/XMLData/GoogleShopping.xml
Esmalteria Nacional,https://loja.esmalterianacionalabelardo.com.br/,https://loja.esmalterianacionalabelardo.com.br/XMLData/GoogleShopping.xml
Socila,https://loja.socilacentrobh.com.br/,https://loja.socilacentrobh.com.br/XMLData/GoogleShopping.xml
Lliac Nails,https://loja.lilacnailsoficial.com.br/,https://loja.lilacnailsoficial.com.br/XMLData/GoogleShopping.xml
Opt Óculos,https://www.optoculos.com.br/,https://www.optoculos.com.br/XMLData/GoogleShopping.xml
Grupo Ep Uniformes,https://www.epuniformes.com.br/,https://www.epuniformes.com.br/XMLData/GoogleShopping.xml
Artero,https://loja.arterobc.com.br/,https://loja.arterobc.com.br/XMLData/GoogleShopping.xml
Max Concept,https://loja.maxconcept.com.br/,https://loja.maxconcept.com.br/XMLData/GoogleShopping.xml
Suntime,https://www.suntime.com.br/,https://www.suntime.com.br/XMLData/GoogleShopping.xml
Clube de Heróis,https://www.clubedeherois.com.br/,https://www.clubedeherois.com.br/XMLData/GoogleShopping.xml
OhMy Cosmetics,https://www.compreohmy.com.br/,https://www.compreohmy.com.br/XMLData/GoogleShopping.xml
Atacadista Super Adega,https://www.atacadistasuperadega.com.br/,https://www.atacadistasuperadega.com.br/XMLData/GoogleShopping.xml
Calce Bella,https://www.calcebella.com.br/,https://www.calcebella.com.br/XMLData/GoogleShopping.xml
Easy Compra,https://www.easycompra.com.br/,https://www.easycompra.com.br/XMLData/GoogleShopping.xml
Clic Parts,https://www.clicparts.com.br/,https://www.clicparts.com.br/XMLData/GoogleShopping.xml
Della Aviamentos,https://www.dellaaviamentos.com.br/,https://www.dellaaviamentos.com.br/XMLData/GoogleShopping.xml
Santo Grau Ótica,https://www.oticasantograu.com.br/,https://www.oticasantograu.com.br/XMLData/GoogleShopping.xml
New Holland,https://www.lojanewhollandce.com.br/,https://www.lojanewhollandce.com.br/XMLData/GoogleShopping.xml
Weego,https://www.lojaweego.com.br/,https://www.lojaweego.com.br/XMLData/Zoom.xml
LB Laborclin,https://lojalaborclin.com.br/,https://lojalaborclin.com.br/XMLData/GoogleShopping.xml
Feldens joias,https://www.feldensjoias.com.br/,https://www.feldensjoias.com.br/XMLData/GoogleShopping.xml
Beleza Raiz,https://www.belezaraiz.com.br/,https://www.belezaraiz.com.br/XMLData/GoogleShopping.xml
Husqvarna,https://www.lojahusqvarna.com.br/,https://www.lojahusqvarna.com.br/XMLData/GoogleShopping.xml
Personal,https://www.personalartdesign.com.br/,https://www.personalartdesign.com.br/XMLData/GoogleShopping.xml
Feiríssima,https://www.feirissima.com.br/,https://www.feirissima.com.br/XMLData/GoogleShopping.xml
Box88,http://www.box88.com.br/,http://www.box88.com.br/XMLData/GoogleShopping.xml
NC Extreme,https://www.ncextreme.com.br/,https://www.ncextreme.com.br/XMLData/GoogleShopping.xml
Além da Pele,https://www.lojadotattoo.com.br/,https://www.lojadotattoo.com.br/XMLData/GoogleShopping.xml
Guerra dos Games,https://www.guerradosgames.com.br/,https://www.guerradosgames.com.br/XMLData/GoogleShopping.xml
Biotipo,https://www.grupobiotipo.com.br/,https://www.grupobiotipo.com.br/XMLData/GoogleShopping.xml
CellFone,https://www.cellfone.com.br/,https://www.cellfone.com.br/XMLData/GoogleShopping.xml
Amigas,https://www.lojamaisamigas.com.br/,https://www.lojamaisamigas.com.br/XMLData/GoogleShopping.xml
Kahústore,http://www.kahustore.com.br/,http://www.kahustore.com.br/XMLData/GoogleShopping.xml
Trimas Supermercado,https://www.trimais.com.br/,https://www.trimais.com.br/XMLData/GoogleShopping.xml
Ultra Feu,https://www.ultrafeu.com.br/,https://www.ultrafeu.com.br/XMLData/Zoom.xml
Alice Salazar,https://www.alicesalazarstore.com.br/,https://www.alicesalazarstore.com.br/XMLData/GoogleShopping.xml
Show de Ótica,https://www.showdeotica.com.br/,https://www.showdeotica.com.br/XMLData/GoogleShopping.xml
Defacile,https://www.defacile.com.br/,https://www.defacile.com.br/XMLData/GoogleShopping.xml
Priba,https://www.priba.com.br/,https://www.priba.com.br/XMLData/Lomadee.xml
Automagnus,https://www.automagnus.com.br/,https://www.automagnus.com.br/XMLData/GoogleShopping.xml
Cerealistas Premium,https://www.cerealistapremium.com.br/,https://www.cerealistapremium.com.br/XMLData/GoogleShopping.xml
MService,https://www.microserviceinformatica.com.br/,https://www.microserviceinformatica.com.br/XMLData/GoogleShopping.xml
Excitame,https://www.excitame.com.br/,https://www.excitame.com.br/XMLData/GoogleShopping.xml
Encontre Peças,https://www.encontrepecas.com.br/,https://www.encontrepecas.com.br/XMLData/GoogleShopping.xml
Comfort,https://www.lojascomfort.com.br/,https://www.lojascomfort.com.br/XMLData/Zoom.xml
Freedom Parts,https://www.freedomparts.com.br/,https://www.freedomparts.com.br/XMLData/Zoom.xml
Outlet da Saúde,https://www.outletdasaude.com.br/,https://www.outletdasaude.com.br/XMLData/GoogleShopping.xml
FatiaMalhas,https://www.fatimalhas.com.br/,https://www.fatimalhas.com.br/XMLData/GoogleShopping.xml
City Rock,https://www.cityrock.com.br/,https://www.cityrock.com.br/XMLData/GoogleShopping.xml
Beme,https://www.lojabeme.com.br/,https://www.lojabeme.com.br/XMLData/GoogleShopping.xml
STR Service,https://www.strservice.com.br/,https://www.strservice.com.br/XMLData/GoogleShopping.xml
Estrela,https://www.estrelalojas.com.br/,https://www.estrelalojas.com.br/XMLData/GoogleShopping.xml
Movize,https://www.movize.com.br/,https://www.movize.com.br/XMLData/GoogleShopping.xml